CREATE or replace FUNCTION clean_tables() RETURNS void AS $$
declare
  l_stmt text;
begin
  select 'truncate ' || string_agg(format('%I.%I', schemaname, tablename) , ',')
    into l_stmt
  from pg_tables
  where schemaname in ('public');

  execute l_stmt || ' cascade';
end;
$$ LANGUAGE plpgsql;
select clean_tables();

-- reset sekvenci

CREATE or replace FUNCTION restart_sequences() RETURNS void AS $$
DECLARE
i TEXT;
BEGIN
 FOR i IN (SELECT column_default FROM information_schema.columns WHERE column_default SIMILAR TO 'nextval%')
  LOOP
         EXECUTE 'ALTER SEQUENCE'||' ' || substring(substring(i from '''[a-z_]*')from '[a-z_]+') || ' '||' RESTART 1;';
  END LOOP;
END $$ LANGUAGE plpgsql;
select restart_sequences();






--tabulka planeta 

insert into planeta (planeta_id, nazev) values (1, 'Mars');
insert into planeta (planeta_id, nazev) values (2, 'Earth');


select setval(pg_get_serial_sequence('planeta','planeta_id'),2);

--tabulka  stat mars

insert into stat (stat_id, planeta_id, nazev) values (1, 1, 'Sundow');
insert into stat (stat_id, planeta_id, nazev) values (2, 1, 'Moonlake');
insert into stat (stat_id, planeta_id, nazev) values (3, 1, 'Odisea');
insert into stat (stat_id, planeta_id, nazev) values (4, 1, 'New Europe');
insert into stat (stat_id, planeta_id, nazev) values (5, 1, 'Muskland');
insert into stat (stat_id, planeta_id, nazev) values (6, 1, 'Keenraw');
insert into stat (stat_id, planeta_id, nazev) values (7, 1, 'Atlantida');

--tabulka stat zeme

insert into stat (stat_id, planeta_id, nazev) values (8, 2, 'Czech Republic');
insert into stat (stat_id, planeta_id, nazev) values (9, 2, 'United States');
insert into stat (stat_id, planeta_id, nazev) values (10, 2, 'China');
insert into stat (stat_id, planeta_id, nazev) values (11, 2, 'Spain');
insert into stat (stat_id, planeta_id, nazev) values (12, 2, 'Indonesia');
insert into stat (stat_id, planeta_id, nazev) values (13, 2, 'Philippines');
insert into stat (stat_id, planeta_id, nazev) values (14, 2, 'Italy');
insert into stat (stat_id, planeta_id, nazev) values (15, 2, 'Portugal');
insert into stat (stat_id, planeta_id, nazev) values (16, 2, 'Sweden');
insert into stat (stat_id, planeta_id, nazev) values (17, 2, 'Colombia');


-- nastavuji sekvenci kterou identifikuji pomocí pg_get_serial_sequence na hodnotu 17 abych mohl pokračovat přidáváním dalších řádků
select setval(pg_get_serial_sequence('stat','stat_id'),17);

--tabulka adresa

insert into adresa (adresa_id, stat_id, cislo_budovy, mesto, ulice, psc) values (1, 4, '11', 'Tembladera', 'Hermina', '52768');
insert into adresa (adresa_id, stat_id, cislo_budovy, mesto, ulice, psc) values (2, 16, '5324', 'Berdan', 'Westridge', '30029');
insert into adresa (adresa_id, stat_id, cislo_budovy, mesto, ulice, psc) values (3, 1, '03', 'Tongzi', 'Starling', '61443');
insert into adresa (adresa_id, stat_id, cislo_budovy, mesto, ulice, psc) values (4, 11, '358', 'Madrid', 'Bahia De Gando', '28042');
insert into adresa (adresa_id, stat_id, cislo_budovy, mesto, ulice, psc) values (5, 8, '455', 'Prague', 'Stepanska', '12000');
insert into adresa (adresa_id, stat_id, cislo_budovy, mesto, ulice, psc) values (6, 1, '370', 'Masaling', 'Jackson', '61225');
insert into adresa (adresa_id, stat_id, cislo_budovy, mesto, ulice, psc) values (7, 1, '81', 'Otse', 'Mallard', '93172');
insert into adresa (adresa_id, stat_id, cislo_budovy, mesto, ulice, psc) values (8, 17, '78', 'Luci', 'Menomonie', '22012');
insert into adresa (adresa_id, stat_id, cislo_budovy, mesto, ulice, psc) values (9, 17, '49985', 'ThaThanh', 'Oak Valley', '69556');
insert into adresa (adresa_id, stat_id, cislo_budovy, mesto, ulice, psc) values (10, 2, '4', 'Trang Khanh', 'Village', '29826');
insert into adresa (adresa_id, stat_id, cislo_budovy, mesto, ulice, psc) values (11, 7, '36', 'Daeosin Satu', 'Prentice', '86523');
insert into adresa (adresa_id, stat_id, cislo_budovy, mesto, ulice, psc) values (12, 2, '43973', 'Hongde', 'Rutledge', '87513');
insert into adresa (adresa_id, stat_id, cislo_budovy, mesto, ulice, psc) values (13, 14, '9', 'Les Sables-d''Olonne', 'Hoard', '33175');
insert into adresa (adresa_id, stat_id, cislo_budovy, mesto, ulice, psc) values (14, 13, '67517', 'Saurimo', 'Farmco', '19987');
insert into adresa (adresa_id, stat_id, cislo_budovy, mesto, ulice, psc) values (15, 12, '184', 'Ngrayun', 'Independence', '70984');
insert into adresa (adresa_id, stat_id, cislo_budovy, mesto, ulice, psc) values (16, 5, '788', 'Balazar', 'Iowa', '86489');
insert into adresa (adresa_id, stat_id, cislo_budovy, mesto, ulice, psc) values (17, 3, '1', 'Divnoye', 'Northview', '99704');
insert into adresa (adresa_id, stat_id, cislo_budovy, mesto, ulice, psc) values (18, 17, '70997', 'Huangpi', 'Graceland', '64577');
insert into adresa (adresa_id, stat_id, cislo_budovy, mesto, ulice, psc) values (19, 15, '02424', 'Praia da Vitória', 'Havey', '29755');
insert into adresa (adresa_id, stat_id, cislo_budovy, mesto, ulice, psc) values (20, 1, '3231', 'Shah Alam', 'Jenifer', '70574');
insert into adresa (adresa_id, stat_id, cislo_budovy, mesto, ulice, psc) values (21, 2, '845', 'San Mariano', 'Hudson', '39315');
insert into adresa (adresa_id, stat_id, cislo_budovy, mesto, ulice, psc) values (22, 3, '982', 'Viana do Alentejo', 'Stang', '83842');
insert into adresa (adresa_id, stat_id, cislo_budovy, mesto, ulice, psc) values (23, 4, '1', 'Kyurdarmir', 'Lakewood', '66355');
insert into adresa (adresa_id, stat_id, cislo_budovy, mesto, ulice, psc) values (24, 5, '04', 'Taitung City', 'Hooker', '63205');
insert into adresa (adresa_id, stat_id, cislo_budovy, mesto, ulice, psc) values (25, 6, '44420', 'Bailiang', 'Northwestern', '21514');
insert into adresa (adresa_id, stat_id, cislo_budovy, mesto, ulice, psc) values (26, 7, '00646', 'Oja', 'Pierstorff', '33544');
insert into adresa (adresa_id, stat_id, cislo_budovy, mesto, ulice, psc) values (27, 8, '8160', 'Ogod', 'Anderson', '98345');
insert into adresa (adresa_id, stat_id, cislo_budovy, mesto, ulice, psc) values (28, 9, '3', 'Taganskiy', 'Warrior', '34108');
insert into adresa (adresa_id, stat_id, cislo_budovy, mesto, ulice, psc) values (29, 10, '5783', 'Benchu', 'Southridge', '19268');
insert into adresa (adresa_id, stat_id, cislo_budovy, mesto, ulice, psc) values (30, 11, '06708', 'Al Abyār', 'Heffernan', '47055');
insert into adresa (adresa_id, stat_id, cislo_budovy, mesto, ulice, psc) values (31, 12, '1036', 'Barreiros', 'Hooker', '73059');
insert into adresa (adresa_id, stat_id, cislo_budovy, mesto, ulice, psc) values (32, 13, '7917', 'Behābād', 'Fairfield', '89040');
insert into adresa (adresa_id, stat_id, cislo_budovy, mesto, ulice, psc) values (33, 14, '67417', 'Sovetskiy', 'Hanson', '77214');
insert into adresa (adresa_id, stat_id, cislo_budovy, mesto, ulice, psc) values (34, 15, '188', 'Bang Racham', 'Graedel', '84212');
insert into adresa (adresa_id, stat_id, cislo_budovy, mesto, ulice, psc) values (35, 16, '8369', 'Mougins', 'Talmadge', '77797');
insert into adresa (adresa_id, stat_id, cislo_budovy, mesto, ulice, psc) values (36, 17, '63', 'Tangxing', 'Pearson', '24971');
insert into adresa (adresa_id, stat_id, cislo_budovy, mesto, ulice, psc) values (37, 1, '302', 'Koźle', 'Lakewood Gardens', '30594');
insert into adresa (adresa_id, stat_id, cislo_budovy, mesto, ulice, psc) values (38, 2, '68', 'Helsingborg', 'Esch', '91521');
insert into adresa (adresa_id, stat_id, cislo_budovy, mesto, ulice, psc) values (39, 3, '6795', 'Conde', 'Dunning', '44477');
insert into adresa (adresa_id, stat_id, cislo_budovy, mesto, ulice, psc) values (40, 4, '374', 'Tsaritsyno', 'Toban', '85921');
insert into adresa (adresa_id, stat_id, cislo_budovy, mesto, ulice, psc) values (41, 5, '2', 'Wushi', 'Carberry', '59716');
insert into adresa (adresa_id, stat_id, cislo_budovy, mesto, ulice, psc) values (42, 6, '63', 'Sendangrejo', 'Barnett', '27554');
insert into adresa (adresa_id, stat_id, cislo_budovy, mesto, ulice, psc) values (43, 7, '601', 'Srunikrajan', 'Fairfield', '79043');
insert into adresa (adresa_id, stat_id, cislo_budovy, mesto, ulice, psc) values (44, 8, '82629', 'Chimen', 'Menomonie', '58143');
insert into adresa (adresa_id, stat_id, cislo_budovy, mesto, ulice, psc) values (45, 9, '0256', 'Oslomej', 'Southridge', '59422');
insert into adresa (adresa_id, stat_id, cislo_budovy, mesto, ulice, psc) values (46, 10, '35', 'Mendenrejo', 'Nova', '27212');
insert into adresa (adresa_id, stat_id, cislo_budovy, mesto, ulice, psc) values (47, 11, '7', 'Stockholm', 'Arapahoe', '93969');
insert into adresa (adresa_id, stat_id, cislo_budovy, mesto, ulice, psc) values (48, 12, '929', 'Cinangka', 'Hollow Ridge', '44427');
insert into adresa (adresa_id, stat_id, cislo_budovy, mesto, ulice, psc) values (49, 13, '121', 'Prinza', 'Rusk', '62492');
insert into adresa (adresa_id, stat_id, cislo_budovy, mesto, ulice, psc) values (50, 6, '7', 'Pavlodar', 'Golf View', '76271');
insert into adresa (adresa_id, stat_id, cislo_budovy, mesto, ulice, psc) values (51, 11, '8', 'Tobelo', 'Corry', '44072');
insert into adresa (adresa_id, stat_id, cislo_budovy, mesto, ulice, psc) values (52, 16, '97', 'Presidente Venceslau', 'Randy', '78008');
insert into adresa (adresa_id, stat_id, cislo_budovy, mesto, ulice, psc) values (53, 6, '0033', 'Moyogalpa', 'Arapahoe', '87898');
insert into adresa (adresa_id, stat_id, cislo_budovy, mesto, ulice, psc) values (54, 3, '859', 'Messina', 'Sommers', '29816');
insert into adresa (adresa_id, stat_id, cislo_budovy, mesto, ulice, psc) values (55, 4, '5763', 'Herzliya Pituah', 'Victoria', '42514');
insert into adresa (adresa_id, stat_id, cislo_budovy, mesto, ulice, psc) values (56, 15, '73375', 'Damiao', 'Florence', '43486');
insert into adresa (adresa_id, stat_id, cislo_budovy, mesto, ulice, psc) values (57, 3, '68', 'Jiangkou', 'Fairfield', '55046');
insert into adresa (adresa_id, stat_id, cislo_budovy, mesto, ulice, psc) values (58, 3, '34818', 'Ruy Barbosa', 'Hovde', '71364');
insert into adresa (adresa_id, stat_id, cislo_budovy, mesto, ulice, psc) values (59, 15, '47402', 'Ayacucho', 'Sauthoff', '91733');
insert into adresa (adresa_id, stat_id, cislo_budovy, mesto, ulice, psc) values (60, 10, '74', 'Leiden', 'Forest Dale', '25879');
insert into adresa (adresa_id, stat_id, cislo_budovy, mesto, ulice, psc) values (61, 2, '4', 'Robonkon', 'Haas', '54149');
insert into adresa (adresa_id, stat_id, cislo_budovy, mesto, ulice, psc) values (62, 7, '53142', 'Isiolo', 'Dwight', '30148');
insert into adresa (adresa_id, stat_id, cislo_budovy, mesto, ulice, psc) values (63, 14, '394', 'Upton', 'Lindbergh', '48025');
insert into adresa (adresa_id, stat_id, cislo_budovy, mesto, ulice, psc) values (64, 11, '9142', 'Hudai', 'Quincy', '98446');
insert into adresa (adresa_id, stat_id, cislo_budovy, mesto, ulice, psc) values (65, 10, '04', 'Xushuguan', 'Buell', '75793');
insert into adresa (adresa_id, stat_id, cislo_budovy, mesto, ulice, psc) values (66, 13, '9', 'Souq Larb’a al Gharb', 'Blaine', '16775');
insert into adresa (adresa_id, stat_id, cislo_budovy, mesto, ulice, psc) values (67, 5, '0', 'Puzi', 'Declaration', '88552');
insert into adresa (adresa_id, stat_id, cislo_budovy, mesto, ulice, psc) values (68, 6, '839', 'Zhoupu', 'Dottie', '54708');
insert into adresa (adresa_id, stat_id, cislo_budovy, mesto, ulice, psc) values (69, 6, '8905', 'Huangascar', 'Judy', '38550');
insert into adresa (adresa_id, stat_id, cislo_budovy, mesto, ulice, psc) values (70, 4, '9927', 'Daqiao', 'Brickson Park', '15260');
insert into adresa (adresa_id, stat_id, cislo_budovy, mesto, ulice, psc) values (71, 11, '9', 'Cernache do Bonjardim', 'Blackbird', '69155');
insert into adresa (adresa_id, stat_id, cislo_budovy, mesto, ulice, psc) values (72, 16, '2', 'Bridel', 'Waubesa', '45496');
insert into adresa (adresa_id, stat_id, cislo_budovy, mesto, ulice, psc) values (73, 11, '49', 'Golina', 'Garrison', '94441');
insert into adresa (adresa_id, stat_id, cislo_budovy, mesto, ulice, psc) values (74, 14, '1268', 'Qiziltepa Shahri', 'Dahle', '76956');
insert into adresa (adresa_id, stat_id, cislo_budovy, mesto, ulice, psc) values (75, 3, '9390', 'Huangnihe', 'Talmadge', '89711');
insert into adresa (adresa_id, stat_id, cislo_budovy, mesto, ulice, psc) values (76, 12, '4751', 'El Cubolero', 'Springs', '42912');
insert into adresa (adresa_id, stat_id, cislo_budovy, mesto, ulice, psc) values (77, 13, '579', 'Parkena', 'Express', '56454');
insert into adresa (adresa_id, stat_id, cislo_budovy, mesto, ulice, psc) values (78, 4, '6', 'Nanding', 'Sunfield', '25733');
insert into adresa (adresa_id, stat_id, cislo_budovy, mesto, ulice, psc) values (79, 2, '907', 'Ağdaş', 'Kensington', '38258');
insert into adresa (adresa_id, stat_id, cislo_budovy, mesto, ulice, psc) values (80, 6, '266', 'Rokytnice nad Jizerou', '2nd', '46397');
insert into adresa (adresa_id, stat_id, cislo_budovy, mesto, ulice, psc) values (81, 9, '69062', 'Niška Banja', 'Bunker Hill', '50902');
insert into adresa (adresa_id, stat_id, cislo_budovy, mesto, ulice, psc) values (82, 5, '724', 'Mokolo', 'Monterey', '27374');
insert into adresa (adresa_id, stat_id, cislo_budovy, mesto, ulice, psc) values (83, 2, '6', 'Andros Town', 'Clarendon', '64977');
insert into adresa (adresa_id, stat_id, cislo_budovy, mesto, ulice, psc) values (84, 17, '10', 'Kosikha', 'Jana', '55446');
insert into adresa (adresa_id, stat_id, cislo_budovy, mesto, ulice, psc) values (85, 10, '9', 'Arys', 'Prairie Rose', '29775');
insert into adresa (adresa_id, stat_id, cislo_budovy, mesto, ulice, psc) values (86, 11, '37', 'Dębno', 'Prairieview', '32230');
insert into adresa (adresa_id, stat_id, cislo_budovy, mesto, ulice, psc) values (87, 11, '50', 'Luknovo', 'Pankratz', '48179');
insert into adresa (adresa_id, stat_id, cislo_budovy, mesto, ulice, psc) values (88, 17, '34', 'Uticyacu', 'Talisman', '85242');
insert into adresa (adresa_id, stat_id, cislo_budovy, mesto, ulice, psc) values (89, 17, '9', 'Beizhouzi', 'Blue Bill Park', '24182');
insert into adresa (adresa_id, stat_id, cislo_budovy, mesto, ulice, psc) values (90, 2, '06463', 'Ronov nad Doubravou', 'Thackeray', '27739');
insert into adresa (adresa_id, stat_id, cislo_budovy, mesto, ulice, psc) values (91, 12, '24570', 'Topola', 'Luster', '74100');
insert into adresa (adresa_id, stat_id, cislo_budovy, mesto, ulice, psc) values (92, 5, '9', 'Nevinnomyssk', 'Bonner', '17157');
insert into adresa (adresa_id, stat_id, cislo_budovy, mesto, ulice, psc) values (93, 5, '59927', 'Messina', 'Linden', '25087');
insert into adresa (adresa_id, stat_id, cislo_budovy, mesto, ulice, psc) values (94, 4, '892', 'Tsubame', 'Independence', '61044');
insert into adresa (adresa_id, stat_id, cislo_budovy, mesto, ulice, psc) values (95, 4, '13', 'Goujie', 'Kropf', '79642');
insert into adresa (adresa_id, stat_id, cislo_budovy, mesto, ulice, psc) values (96, 6, '1', 'Nangaroro', 'Comanche', '39252');
insert into adresa (adresa_id, stat_id, cislo_budovy, mesto, ulice, psc) values (97, 6, '490', 'Lianzhu', 'Lerdahl', '22521');
insert into adresa (adresa_id, stat_id, cislo_budovy, mesto, ulice, psc) values (98, 5, '4', 'Tikiw', 'Sycamore', '28783');
insert into adresa (adresa_id, stat_id, cislo_budovy, mesto, ulice, psc) values (99, 10, '8', 'Nieiya', 'Maywood', '35676');
insert into adresa (adresa_id, stat_id, cislo_budovy, mesto, ulice, psc) values (100, 4, '7', 'Unaí', 'Hovde', '33265');
insert into adresa (adresa_id, stat_id, cislo_budovy, mesto, ulice, psc) values (101, 13, '8541', 'Iguape', 'Elgar', '14454');
insert into adresa (adresa_id, stat_id, cislo_budovy, mesto, ulice, psc) values (102, 1, '7', 'Paris 09', 'Eggendart', '96771');
insert into adresa (adresa_id, stat_id, cislo_budovy, mesto, ulice, psc) values (103, 3, '5637', 'Kovilj', 'Mesta', '67092');
insert into adresa (adresa_id, stat_id, cislo_budovy, mesto, ulice, psc) values (104, 9, '93947', 'Brijest', 'Fairfield', '42729');
insert into adresa (adresa_id, stat_id, cislo_budovy, mesto, ulice, psc) values (105, 5, '2', 'Hitiaa', 'Ridge Oak', '40848');
insert into adresa (adresa_id, stat_id, cislo_budovy, mesto, ulice, psc) values (106, 6, '567', 'Dayr Sharaf', 'Maryland', '67739');
insert into adresa (adresa_id, stat_id, cislo_budovy, mesto, ulice, psc) values (107, 11, '2', 'Nikitinskiy', 'Mcguire', '54177');
insert into adresa (adresa_id, stat_id, cislo_budovy, mesto, ulice, psc) values (108, 4, '3', 'Łomża', 'Onsgard', '48123');
insert into adresa (adresa_id, stat_id, cislo_budovy, mesto, ulice, psc) values (109, 6, '4442', 'Heshui', 'High Crossing', '43449');
insert into adresa (adresa_id, stat_id, cislo_budovy, mesto, ulice, psc) values (110, 15, '3357', 'Kuzhuping', 'Arrowood', '48269');
insert into adresa (adresa_id, stat_id, cislo_budovy, mesto, ulice, psc) values (111, 13, '5', 'Dovhe', 'Hauk', '44975');
insert into adresa (adresa_id, stat_id, cislo_budovy, mesto, ulice, psc) values (112, 14, '717', 'General San Martín', 'New Castle', '78965');
insert into adresa (adresa_id, stat_id, cislo_budovy, mesto, ulice, psc) values (113, 16, '0', 'Irving', 'Ohio', '48163');
insert into adresa (adresa_id, stat_id, cislo_budovy, mesto, ulice, psc) values (114, 4, '39', 'Cô Tô', 'Morning', '27481');
insert into adresa (adresa_id, stat_id, cislo_budovy, mesto, ulice, psc) values (115, 5, '31679', 'Tygda', 'Columbus', '85763');
insert into adresa (adresa_id, stat_id, cislo_budovy, mesto, ulice, psc) values (116, 16, '64575', 'Roi Et', '7th', '16994');
insert into adresa (adresa_id, stat_id, cislo_budovy, mesto, ulice, psc) values (117, 16, '3', 'Obolensk', 'Oneill', '14931');
insert into adresa (adresa_id, stat_id, cislo_budovy, mesto, ulice, psc) values (118, 1, '3', 'Duzhenwan', 'Golden Leaf', '14943');
insert into adresa (adresa_id, stat_id, cislo_budovy, mesto, ulice, psc) values (119, 5, '531', 'San Diego', 'Esker', '39635');
insert into adresa (adresa_id, stat_id, cislo_budovy, mesto, ulice, psc) values (120, 16, '3170', 'Ludvika', 'Fair Oaks', '88322');
insert into adresa (adresa_id, stat_id, cislo_budovy, mesto, ulice, psc) values (121, 15, '0', 'Byerazino', 'Kropf', '77866');
insert into adresa (adresa_id, stat_id, cislo_budovy, mesto, ulice, psc) values (122, 11, '1428', 'Pola', 'Portage', '71465');
insert into adresa (adresa_id, stat_id, cislo_budovy, mesto, ulice, psc) values (123, 2, '620', 'Nusajaya', 'Westend', '28818');
insert into adresa (adresa_id, stat_id, cislo_budovy, mesto, ulice, psc) values (124, 3, '4476', 'Kalývia', 'Hayes', '56514');
insert into adresa (adresa_id, stat_id, cislo_budovy, mesto, ulice, psc) values (125, 3, '4201', 'Francisco Beltrão', 'Anzinger', '73815');
insert into adresa (adresa_id, stat_id, cislo_budovy, mesto, ulice, psc) values (126, 5, '35', 'Xiatang', 'Bobwhite', '78446');
insert into adresa (adresa_id, stat_id, cislo_budovy, mesto, ulice, psc) values (127, 11, '1', 'Kapakabisa', 'East', '93688');
insert into adresa (adresa_id, stat_id, cislo_budovy, mesto, ulice, psc) values (128, 3, '513', 'Camingawan', 'Corry', '21936');
insert into adresa (adresa_id, stat_id, cislo_budovy, mesto, ulice, psc) values (129, 9, '641', 'California', 'Green Ridge', '80993');
insert into adresa (adresa_id, stat_id, cislo_budovy, mesto, ulice, psc) values (130, 9, '94', 'Piribebuy', 'Kensington', '43300');
insert into adresa (adresa_id, stat_id, cislo_budovy, mesto, ulice, psc) values (131, 5, '63676', 'Masvingo', 'Blaine', '24157');
insert into adresa (adresa_id, stat_id, cislo_budovy, mesto, ulice, psc) values (132, 5, '5955', 'Independencia', 'Rusk', '44728');
insert into adresa (adresa_id, stat_id, cislo_budovy, mesto, ulice, psc) values (133, 6, '73911', 'Adir', 'Messerschmidt', '99780');
insert into adresa (adresa_id, stat_id, cislo_budovy, mesto, ulice, psc) values (134, 1, '36', 'Kilim', 'Laurel', '75025');
insert into adresa (adresa_id, stat_id, cislo_budovy, mesto, ulice, psc) values (135, 12, '965', 'Kōriyama', 'Eagle Crest', '28603');
insert into adresa (adresa_id, stat_id, cislo_budovy, mesto, ulice, psc) values (136, 17, '05', 'Göteborg', 'Transport', '66581');
insert into adresa (adresa_id, stat_id, cislo_budovy, mesto, ulice, psc) values (137, 3, '0', 'Gualmatán', 'Talmadge', '72557');
insert into adresa (adresa_id, stat_id, cislo_budovy, mesto, ulice, psc) values (138, 8, '33', 'Prague’', 'Jatecni', '17000');
insert into adresa (adresa_id, stat_id, cislo_budovy, mesto, ulice, psc) values (139, 15, '51', 'Roche-à-Bateau', 'Fieldstone', '93760');
insert into adresa (adresa_id, stat_id, cislo_budovy, mesto, ulice, psc) values (140, 6, '263', 'Senneterre', 'Colorado', '15858');
insert into adresa (adresa_id, stat_id, cislo_budovy, mesto, ulice, psc) values (141, 9, '71', 'Ar Ruţbah', 'Spohn', '24891');
insert into adresa (adresa_id, stat_id, cislo_budovy, mesto, ulice, psc) values (142, 11, '49', 'Mandeni', 'Hayes', '40030');
insert into adresa (adresa_id, stat_id, cislo_budovy, mesto, ulice, psc) values (143, 14, '86751', 'Lela', 'Lake View', '43174');
insert into adresa (adresa_id, stat_id, cislo_budovy, mesto, ulice, psc) values (144, 4, '0234', 'La Molina', 'Debs', '70455');
insert into adresa (adresa_id, stat_id, cislo_budovy, mesto, ulice, psc) values (145, 6, '0', 'Chodów', 'Westend', '93967');
insert into adresa (adresa_id, stat_id, cislo_budovy, mesto, ulice, psc) values (146, 16, '64', 'Tanabi', 'Vahlen', '28573');
insert into adresa (adresa_id, stat_id, cislo_budovy, mesto, ulice, psc) values (147, 1, '5109', 'Kyaiklat', 'Clarendon', '70944');
insert into adresa (adresa_id, stat_id, cislo_budovy, mesto, ulice, psc) values (148, 12, '07569', 'Melioratyvne', 'Florence', '45795');
insert into adresa (adresa_id, stat_id, cislo_budovy, mesto, ulice, psc) values (149, 9, '3259', 'Montpellier', 'Lakeland', '10098');
insert into adresa (adresa_id, stat_id, cislo_budovy, mesto, ulice, psc) values (150, 12, '5', 'Al Madīd', 'Packers', '47823');
insert into adresa (adresa_id, stat_id, cislo_budovy, mesto, ulice, psc) values (151, 9, '072', 'Placencia', 'Darwin', '48511');
insert into adresa (adresa_id, stat_id, cislo_budovy, mesto, ulice, psc) values (152, 2, '4462', 'São Borja', 'Bay', '12121');
insert into adresa (adresa_id, stat_id, cislo_budovy, mesto, ulice, psc) values (153, 12, '4', 'Waiholo', 'Calypso', '43849');
insert into adresa (adresa_id, stat_id, cislo_budovy, mesto, ulice, psc) values (154, 2, '647', 'Valence', 'Quincy', '96150');
insert into adresa (adresa_id, stat_id, cislo_budovy, mesto, ulice, psc) values (155, 9, '5', 'Huston', 'Corben', '54278');
insert into adresa (adresa_id, stat_id, cislo_budovy, mesto, ulice, psc) values (156, 5, '08048', 'Široki Brijeg', 'Cody', '60514');
insert into adresa (adresa_id, stat_id, cislo_budovy, mesto, ulice, psc) values (157, 16, '57976', 'Mwene-Ditu', 'Barby', '44393');
insert into adresa (adresa_id, stat_id, cislo_budovy, mesto, ulice, psc) values (158, 15, '8846', 'Akriní', 'Cascade', '55063');
insert into adresa (adresa_id, stat_id, cislo_budovy, mesto, ulice, psc) values (159, 12, '49', 'Vila Ribeiro', 'Sheridan', '12855');
insert into adresa (adresa_id, stat_id, cislo_budovy, mesto, ulice, psc) values (160, 9, '357', 'Phichit', 'Aberg', '58687');
insert into adresa (adresa_id, stat_id, cislo_budovy, mesto, ulice, psc) values (161, 12, '0096', 'San Diego', 'Larry', '51256');
insert into adresa (adresa_id, stat_id, cislo_budovy, mesto, ulice, psc) values (162, 14, '0', 'San Miguel Ixtahuacán', 'Scoville', '26864');
insert into adresa (adresa_id, stat_id, cislo_budovy, mesto, ulice, psc) values (163, 2, '5816', 'Bakau', '6th', '16772');
insert into adresa (adresa_id, stat_id, cislo_budovy, mesto, ulice, psc) values (164, 12, '3678', 'Dulolong', 'Bowman', '36992');
insert into adresa (adresa_id, stat_id, cislo_budovy, mesto, ulice, psc) values (165, 12, '002', 'Huskvarna', 'Waxwing', '39138');
insert into adresa (adresa_id, stat_id, cislo_budovy, mesto, ulice, psc) values (166, 13, '0135', 'Hobonio', 'Sheridan', '91536');
insert into adresa (adresa_id, stat_id, cislo_budovy, mesto, ulice, psc) values (167, 2, '44', 'Stuttgart Stuttgart-Mitte', 'Hauk', '80682');
insert into adresa (adresa_id, stat_id, cislo_budovy, mesto, ulice, psc) values (168, 4, '729', 'Wucun', 'Golf', '73905');
insert into adresa (adresa_id, stat_id, cislo_budovy, mesto, ulice, psc) values (169, 15, '84', 'Stavanger', '1st', '51306');
insert into adresa (adresa_id, stat_id, cislo_budovy, mesto, ulice, psc) values (170, 15, '34', 'Querocotillo', 'Melby', '66387');
insert into adresa (adresa_id, stat_id, cislo_budovy, mesto, ulice, psc) values (171, 11, '82312', 'Jiekeng', 'Park Meadow', '94548');
insert into adresa (adresa_id, stat_id, cislo_budovy, mesto, ulice, psc) values (172, 12, '092', 'Shibukawa', 'Eagan', '85513');
insert into adresa (adresa_id, stat_id, cislo_budovy, mesto, ulice, psc) values (173, 10, '94971', 'Tigaon', 'Bunting', '57304');
insert into adresa (adresa_id, stat_id, cislo_budovy, mesto, ulice, psc) values (174, 13, '5', 'Qishui', 'Dakota', '13262');
insert into adresa (adresa_id, stat_id, cislo_budovy, mesto, ulice, psc) values (175, 5, '01', 'Burträsk', 'Annamark', '84454');
insert into adresa (adresa_id, stat_id, cislo_budovy, mesto, ulice, psc) values (176, 9, '9070', 'Mengzhai', 'Pawling', '24985');
insert into adresa (adresa_id, stat_id, cislo_budovy, mesto, ulice, psc) values (177, 15, '10945', 'Zhaogezhuang', 'Cascade', '91809');
insert into adresa (adresa_id, stat_id, cislo_budovy, mesto, ulice, psc) values (178, 13, '3886', 'Bugojno', 'Forest Run', '52946');
insert into adresa (adresa_id, stat_id, cislo_budovy, mesto, ulice, psc) values (179, 17, '031', 'Rio Claro', 'Park Meadow', '87622');
insert into adresa (adresa_id, stat_id, cislo_budovy, mesto, ulice, psc) values (180, 9, '36', 'Siding', 'Acker', '80355');
insert into adresa (adresa_id, stat_id, cislo_budovy, mesto, ulice, psc) values (181, 6, '11', 'Songjiang', 'Green Ridge', '86002');
insert into adresa (adresa_id, stat_id, cislo_budovy, mesto, ulice, psc) values (182, 11, '82', 'Gorang', 'Brickson Park', '88651');
insert into adresa (adresa_id, stat_id, cislo_budovy, mesto, ulice, psc) values (183, 12, '29', 'Nyanga', 'Del Mar', '58205');
insert into adresa (adresa_id, stat_id, cislo_budovy, mesto, ulice, psc) values (184, 1, '9', 'Tanjungluar', 'New Castle', '46038');
insert into adresa (adresa_id, stat_id, cislo_budovy, mesto, ulice, psc) values (185, 5, '913', 'Mértola', 'Bay', '82090');
insert into adresa (adresa_id, stat_id, cislo_budovy, mesto, ulice, psc) values (186, 10, '41', 'Älvdalen', 'Killdeer', '37670');
insert into adresa (adresa_id, stat_id, cislo_budovy, mesto, ulice, psc) values (187, 5, '667', 'Saltpond', 'Surrey', '86450');
insert into adresa (adresa_id, stat_id, cislo_budovy, mesto, ulice, psc) values (188, 15, '331', 'Taisen-ri', 'Quincy', '84480');
insert into adresa (adresa_id, stat_id, cislo_budovy, mesto, ulice, psc) values (189, 7, '778', 'Krynice', 'Old Shore', '18278');
insert into adresa (adresa_id, stat_id, cislo_budovy, mesto, ulice, psc) values (190, 11, '34', 'Semënovskoye', 'Northwestern', '71137');
insert into adresa (adresa_id, stat_id, cislo_budovy, mesto, ulice, psc) values (191, 7, '0100', 'Boji', 'Laurel', '87534');
insert into adresa (adresa_id, stat_id, cislo_budovy, mesto, ulice, psc) values (192, 7, '39', 'Solna', 'Reinke', '45976');
insert into adresa (adresa_id, stat_id, cislo_budovy, mesto, ulice, psc) values (193, 10, '534', 'Bardīyah', 'Eagle Crest', '61356');
insert into adresa (adresa_id, stat_id, cislo_budovy, mesto, ulice, psc) values (194, 10, '61', 'Dunhao', 'Coleman', '87550');
insert into adresa (adresa_id, stat_id, cislo_budovy, mesto, ulice, psc) values (195, 17, '69620', 'Bingfang', 'Transport', '63081');
insert into adresa (adresa_id, stat_id, cislo_budovy, mesto, ulice, psc) values (196, 3, '029', 'Pardelhas', 'Haas', '14619');
insert into adresa (adresa_id, stat_id, cislo_budovy, mesto, ulice, psc) values (197, 9, '005', 'Fais', 'Manitowish', '48364');
insert into adresa (adresa_id, stat_id, cislo_budovy, mesto, ulice, psc) values (198, 2, '56847', 'San Isidro', 'Little Fleur', '77231');
insert into adresa (adresa_id, stat_id, cislo_budovy, mesto, ulice, psc) values (199, 12, '53733', 'Prado', 'Crownhardt', '68112');
insert into adresa (adresa_id, stat_id, cislo_budovy, mesto, ulice, psc) values (200, 14, '9', 'Twardawa', 'Manley', '28875');
insert into adresa (adresa_id, stat_id, cislo_budovy, mesto, ulice, psc) values (201, 7, '2', 'Dresden', 'Lawn', '24897');
insert into adresa (adresa_id, stat_id, cislo_budovy, mesto, ulice, psc) values (202, 9, '19390', 'Yalukou', 'Morrow', '85127');
insert into adresa (adresa_id, stat_id, cislo_budovy, mesto, ulice, psc) values (203, 9, '00507', 'Baiyanghe', 'Lakewood', '70816');
insert into adresa (adresa_id, stat_id, cislo_budovy, mesto, ulice, psc) values (204, 7, '97', 'Shangyi', 'Elgar', '24422');
insert into adresa (adresa_id, stat_id, cislo_budovy, mesto, ulice, psc) values (205, 1, '2', 'Dapdap', 'Amoth', '50327');
insert into adresa (adresa_id, stat_id, cislo_budovy, mesto, ulice, psc) values (206, 10, '37658', 'Yichun', 'Granby', '63703');
insert into adresa (adresa_id, stat_id, cislo_budovy, mesto, ulice, psc) values (207, 10, '885', 'Luangwa', 'Tomscot', '44586');
insert into adresa (adresa_id, stat_id, cislo_budovy, mesto, ulice, psc) values (208, 12, '07', 'Alcaria', 'West', '85340');
insert into adresa (adresa_id, stat_id, cislo_budovy, mesto, ulice, psc) values (209, 10, '3', 'Saint-Eustache', 'Pleasure', '34935');
insert into adresa (adresa_id, stat_id, cislo_budovy, mesto, ulice, psc) values (210, 2, '534', 'Sinarbakti', 'Sloan', '43809');
insert into adresa (adresa_id, stat_id, cislo_budovy, mesto, ulice, psc) values (211, 10, '09', 'Łużna', 'Sherman', '76052');
insert into adresa (adresa_id, stat_id, cislo_budovy, mesto, ulice, psc) values (212, 13, '3', 'Bua Yai', 'Dixon', '29485');
insert into adresa (adresa_id, stat_id, cislo_budovy, mesto, ulice, psc) values (213, 5, '37251', 'Jianguang', 'Cherokee', '34724');
insert into adresa (adresa_id, stat_id, cislo_budovy, mesto, ulice, psc) values (214, 5, '6731', 'Pétionville', 'Declaration', '12787');
insert into adresa (adresa_id, stat_id, cislo_budovy, mesto, ulice, psc) values (215, 12, '7481', 'Chenfang', 'Namekagon', '18467');
insert into adresa (adresa_id, stat_id, cislo_budovy, mesto, ulice, psc) values (216, 5, '0', 'Panan', 'Hayes', '94416');
insert into adresa (adresa_id, stat_id, cislo_budovy, mesto, ulice, psc) values (217, 12, '10', 'Layu', 'Ohio', '94978');
insert into adresa (adresa_id, stat_id, cislo_budovy, mesto, ulice, psc) values (218, 10, '4419', 'Presidente Médici', 'Duke', '69147');
insert into adresa (adresa_id, stat_id, cislo_budovy, mesto, ulice, psc) values (219, 3, '7', 'Nyinqug', 'Schiller', '15851');
insert into adresa (adresa_id, stat_id, cislo_budovy, mesto, ulice, psc) values (220, 10, '89854', 'Buçimas', 'Shelley', '85798');
insert into adresa (adresa_id, stat_id, cislo_budovy, mesto, ulice, psc) values (221, 7, '89188', 'Lotoshino', 'Kenwood', '77047');
insert into adresa (adresa_id, stat_id, cislo_budovy, mesto, ulice, psc) values (222, 5, '03036', 'Messina', 'Westridge', '67363');
insert into adresa (adresa_id, stat_id, cislo_budovy, mesto, ulice, psc) values (223, 14, '6725', 'Kathu', 'Carberry', '12218');
insert into adresa (adresa_id, stat_id, cislo_budovy, mesto, ulice, psc) values (224, 6, '83', 'Auch', 'Valley Edge', '90535');
insert into adresa (adresa_id, stat_id, cislo_budovy, mesto, ulice, psc) values (225, 11, '4950', 'Hai’an', 'Acker', '15053');
insert into adresa (adresa_id, stat_id, cislo_budovy, mesto, ulice, psc) values (226, 6, '72', 'Kansas City', 'Kedzie', '38560');
insert into adresa (adresa_id, stat_id, cislo_budovy, mesto, ulice, psc) values (227, 10, '6', 'Yakymivka', 'Riverside', '17937');
insert into adresa (adresa_id, stat_id, cislo_budovy, mesto, ulice, psc) values (228, 16, '07', 'Uhlove', 'Walton', '85093');
insert into adresa (adresa_id, stat_id, cislo_budovy, mesto, ulice, psc) values (229, 7, '12', 'Łeba', 'Melody', '91723');
insert into adresa (adresa_id, stat_id, cislo_budovy, mesto, ulice, psc) values (230, 11, '415', 'Fontanka', 'Mandrake', '43993');
insert into adresa (adresa_id, stat_id, cislo_budovy, mesto, ulice, psc) values (231, 3, '2234', 'Gansa', 'Hanover', '43822');
insert into adresa (adresa_id, stat_id, cislo_budovy, mesto, ulice, psc) values (232, 13, '4', 'Examília', 'Northview', '42794');
insert into adresa (adresa_id, stat_id, cislo_budovy, mesto, ulice, psc) values (233, 11, '560', 'Nadvoitsy', 'Raven', '33832');
insert into adresa (adresa_id, stat_id, cislo_budovy, mesto, ulice, psc) values (234, 16, '71848', 'Groblersdal', 'Reindahl', '93620');
insert into adresa (adresa_id, stat_id, cislo_budovy, mesto, ulice, psc) values (235, 2, '91850', 'Castelo de Vide', 'Glacier Hill', '78764');
insert into adresa (adresa_id, stat_id, cislo_budovy, mesto, ulice, psc) values (236, 11, '6', 'El Calafate', 'Coolidge', '85224');
insert into adresa (adresa_id, stat_id, cislo_budovy, mesto, ulice, psc) values (237, 5, '83', 'Lyon', 'Ridge Oak', '57795');
insert into adresa (adresa_id, stat_id, cislo_budovy, mesto, ulice, psc) values (238, 7, '4', 'Codoi', 'Lakeland', '74324');
insert into adresa (adresa_id, stat_id, cislo_budovy, mesto, ulice, psc) values (239, 10, '391', 'Lenakapa', 'Muir', '42783');
insert into adresa (adresa_id, stat_id, cislo_budovy, mesto, ulice, psc) values (240, 6, '1', 'Luoqi', 'Ludington', '89248');
insert into adresa (adresa_id, stat_id, cislo_budovy, mesto, ulice, psc) values (241, 9, '2345', 'Chiclayo', 'Kensington', '32292');
insert into adresa (adresa_id, stat_id, cislo_budovy, mesto, ulice, psc) values (242, 1, '1', 'Stara Kiszewa', 'Burning Wood', '63862');
insert into adresa (adresa_id, stat_id, cislo_budovy, mesto, ulice, psc) values (243, 1, '3757', 'Pengdian', 'Hintze', '69229');
insert into adresa (adresa_id, stat_id, cislo_budovy, mesto, ulice, psc) values (244, 15, '3', 'Viso', 'Dixon', '52219');
insert into adresa (adresa_id, stat_id, cislo_budovy, mesto, ulice, psc) values (245, 2, '3676', 'Baroh', 'Lake View', '78818');
insert into adresa (adresa_id, stat_id, cislo_budovy, mesto, ulice, psc) values (246, 11, '592', '''s-Hertogenbosch', 'Towne', '46822');
insert into adresa (adresa_id, stat_id, cislo_budovy, mesto, ulice, psc) values (247, 12, '83', 'Vagney', 'Glendale', '55655');
insert into adresa (adresa_id, stat_id, cislo_budovy, mesto, ulice, psc) values (248, 17, '6472', 'Borgo Maggiore', 'Corry', '55456');
insert into adresa (adresa_id, stat_id, cislo_budovy, mesto, ulice, psc) values (249, 9, '255', 'Plaza de Caisán', 'Novick', '79411');
insert into adresa (adresa_id, stat_id, cislo_budovy, mesto, ulice, psc) values (250, 4, '73', 'Gualeguaychú', 'Beilfuss', '74847');
insert into adresa (adresa_id, stat_id, cislo_budovy, mesto, ulice, psc) values (251, 4, '6422', 'Yehud', 'South', '81067');
insert into adresa (adresa_id, stat_id, cislo_budovy, mesto, ulice, psc) values (252, 10, '11456', 'Zhouhu', 'Cambridge', '73640');
insert into adresa (adresa_id, stat_id, cislo_budovy, mesto, ulice, psc) values (253, 11, '602', 'Jiakexi', 'Fairfield', '23625');
insert into adresa (adresa_id, stat_id, cislo_budovy, mesto, ulice, psc) values (254, 14, '77', 'Maimará', 'Ruskin', '91339');
insert into adresa (adresa_id, stat_id, cislo_budovy, mesto, ulice, psc) values (255, 16, '16', 'Muḩammad Āghah Wuluswālī', 'Roxbury', '46883');
insert into adresa (adresa_id, stat_id, cislo_budovy, mesto, ulice, psc) values (256, 6, '7', 'Slavonice', 'Ohio', '86907');
insert into adresa (adresa_id, stat_id, cislo_budovy, mesto, ulice, psc) values (257, 16, '16596', 'Sandia', 'Bayside', '52878');
insert into adresa (adresa_id, stat_id, cislo_budovy, mesto, ulice, psc) values (258, 5, '0', 'Ventanas', 'Independence', '38815');
insert into adresa (adresa_id, stat_id, cislo_budovy, mesto, ulice, psc) values (259, 1, '039', 'Medvedovskaya', 'Corry', '64203');
insert into adresa (adresa_id, stat_id, cislo_budovy, mesto, ulice, psc) values (260, 3, '4', 'Dawa-Dawa', 'Pennsylvania', '66059');
insert into adresa (adresa_id, stat_id, cislo_budovy, mesto, ulice, psc) values (261, 5, '15', 'Savitaipale', 'Badeau', '20873');
insert into adresa (adresa_id, stat_id, cislo_budovy, mesto, ulice, psc) values (262, 5, '0729', 'Bayt Ūmmar', 'Butterfield', '42534');
insert into adresa (adresa_id, stat_id, cislo_budovy, mesto, ulice, psc) values (263, 13, '6386', 'Kamloops', '3rd', '84768');
insert into adresa (adresa_id, stat_id, cislo_budovy, mesto, ulice, psc) values (264, 17, '0', 'Chengnan', 'Sachs', '49007');
insert into adresa (adresa_id, stat_id, cislo_budovy, mesto, ulice, psc) values (265, 10, '41340', 'Pechora', 'Ridge Oak', '43005');
insert into adresa (adresa_id, stat_id, cislo_budovy, mesto, ulice, psc) values (266, 15, '8', 'Negotino', 'Almo', '42466');
insert into adresa (adresa_id, stat_id, cislo_budovy, mesto, ulice, psc) values (267, 13, '87', 'Chavusy', 'Carey', '64717');
insert into adresa (adresa_id, stat_id, cislo_budovy, mesto, ulice, psc) values (268, 4, '4642', 'Sokolov', 'Gulseth', '20670');
insert into adresa (adresa_id, stat_id, cislo_budovy, mesto, ulice, psc) values (269, 4, '4723', 'Sanqishi', 'Northridge', '40445');
insert into adresa (adresa_id, stat_id, cislo_budovy, mesto, ulice, psc) values (270, 17, '99877', 'Trindade', 'Lake View', '96513');
insert into adresa (adresa_id, stat_id, cislo_budovy, mesto, ulice, psc) values (271, 4, '733', 'Savalou', 'School', '76606');
insert into adresa (adresa_id, stat_id, cislo_budovy, mesto, ulice, psc) values (272, 6, '994', 'Ngulahan', 'Park Meadow', '76693');
insert into adresa (adresa_id, stat_id, cislo_budovy, mesto, ulice, psc) values (273, 2, '5', 'Akora', 'Jackson', '74103');
insert into adresa (adresa_id, stat_id, cislo_budovy, mesto, ulice, psc) values (274, 3, '8', 'Luti', 'Kensington', '66810');
insert into adresa (adresa_id, stat_id, cislo_budovy, mesto, ulice, psc) values (275, 5, '737', 'Puputan', 'Waubesa', '54609');
insert into adresa (adresa_id, stat_id, cislo_budovy, mesto, ulice, psc) values (276, 2, '8', 'Socorro', 'Portage', '22020');
insert into adresa (adresa_id, stat_id, cislo_budovy, mesto, ulice, psc) values (277, 7, '08886', 'Qohord-e Bālā', 'Bartelt', '48773');
insert into adresa (adresa_id, stat_id, cislo_budovy, mesto, ulice, psc) values (278, 3, '3450', 'Bürenhayrhan', 'Oxford', '73047');
insert into adresa (adresa_id, stat_id, cislo_budovy, mesto, ulice, psc) values (279, 2, '20', 'Montpellier', 'Jenifer', '48417');
insert into adresa (adresa_id, stat_id, cislo_budovy, mesto, ulice, psc) values (280, 17, '38150', 'Cañete', 'Basil', '22327');
insert into adresa (adresa_id, stat_id, cislo_budovy, mesto, ulice, psc) values (281, 4, '047', 'Yanfolila', 'Killdeer', '38640');
insert into adresa (adresa_id, stat_id, cislo_budovy, mesto, ulice, psc) values (282, 1, '536', 'Chigang', 'Forster', '92277');
insert into adresa (adresa_id, stat_id, cislo_budovy, mesto, ulice, psc) values (283, 14, '56510', 'Tabwakea Village', 'Debra', '41978');
insert into adresa (adresa_id, stat_id, cislo_budovy, mesto, ulice, psc) values (284, 17, '65027', 'Cisek', 'Troy', '15407');
insert into adresa (adresa_id, stat_id, cislo_budovy, mesto, ulice, psc) values (285, 11, '4420', 'Luoshui', 'Dovetail', '99535');
insert into adresa (adresa_id, stat_id, cislo_budovy, mesto, ulice, psc) values (286, 4, '094', 'Kabulusan', 'Haas', '55182');
insert into adresa (adresa_id, stat_id, cislo_budovy, mesto, ulice, psc) values (287, 15, '54', 'Qinghaihu', 'Burning Wood', '55698');
insert into adresa (adresa_id, stat_id, cislo_budovy, mesto, ulice, psc) values (288, 12, '4143', 'Zubūbah', 'Cambridge', '60192');
insert into adresa (adresa_id, stat_id, cislo_budovy, mesto, ulice, psc) values (289, 14, '457', 'Maroanging', 'Algoma', '72688');
insert into adresa (adresa_id, stat_id, cislo_budovy, mesto, ulice, psc) values (290, 7, '97', 'Santa Cristina Couto', 'Hagan', '96241');
insert into adresa (adresa_id, stat_id, cislo_budovy, mesto, ulice, psc) values (291, 14, '26', 'Werinama', 'Granby', '12453');
insert into adresa (adresa_id, stat_id, cislo_budovy, mesto, ulice, psc) values (292, 1, '43', 'Nässjö', 'Ruskin', '51741');
insert into adresa (adresa_id, stat_id, cislo_budovy, mesto, ulice, psc) values (293, 1, '334', 'Betong', 'Dorton', '51692');
insert into adresa (adresa_id, stat_id, cislo_budovy, mesto, ulice, psc) values (294, 16, '65098', 'Tayasan', 'Moland', '85500');
insert into adresa (adresa_id, stat_id, cislo_budovy, mesto, ulice, psc) values (295, 14, '49000', 'La Paz', 'Fulton', '40865');
insert into adresa (adresa_id, stat_id, cislo_budovy, mesto, ulice, psc) values (296, 5, '44', 'Borino', 'Roxbury', '91316');
insert into adresa (adresa_id, stat_id, cislo_budovy, mesto, ulice, psc) values (297, 4, '68753', 'Chaínça', 'Rigney', '75479');
insert into adresa (adresa_id, stat_id, cislo_budovy, mesto, ulice, psc) values (298, 3, '27387', 'Białobrzegi', 'Service', '94829');
insert into adresa (adresa_id, stat_id, cislo_budovy, mesto, ulice, psc) values (299, 15, '854', 'Xinshidu', 'Little Fleur', '90451');
insert into adresa (adresa_id, stat_id, cislo_budovy, mesto, ulice, psc) values (300, 9, '375', '城郊', 'Lerdahl', '49053');
insert into adresa (adresa_id, stat_id, cislo_budovy, mesto, ulice, psc) values (301, 5, '508', 'Saint-Brieuc', 'Stone Corner', '75550');
insert into adresa (adresa_id, stat_id, cislo_budovy, mesto, ulice, psc) values (302, 14, '412', 'La Loma', 'Lyons', '91362');
insert into adresa (adresa_id, stat_id, cislo_budovy, mesto, ulice, psc) values (303, 14, '15959', 'Buenavista', 'Maple', '78726');
insert into adresa (adresa_id, stat_id, cislo_budovy, mesto, ulice, psc) values (304, 3, '05', 'Sabhā', 'Morningstar', '45251');
insert into adresa (adresa_id, stat_id, cislo_budovy, mesto, ulice, psc) values (305, 15, '0141', 'Dongguan', 'Mayfield', '61931');
insert into adresa (adresa_id, stat_id, cislo_budovy, mesto, ulice, psc) values (306, 11, '031', 'Želiv', 'Larry', '40256');
insert into adresa (adresa_id, stat_id, cislo_budovy, mesto, ulice, psc) values (307, 9, '69', 'Nepomuceno', 'Nova', '54818');
insert into adresa (adresa_id, stat_id, cislo_budovy, mesto, ulice, psc) values (308, 6, '06334', 'Maracha', 'Spohn', '87324');
insert into adresa (adresa_id, stat_id, cislo_budovy, mesto, ulice, psc) values (309, 5, '20961', 'Changqi', 'Sycamore', '68423');
insert into adresa (adresa_id, stat_id, cislo_budovy, mesto, ulice, psc) values (310, 3, '36194', 'Steinfort', 'Arapahoe', '71360');
insert into adresa (adresa_id, stat_id, cislo_budovy, mesto, ulice, psc) values (311, 1, '0119', 'Gaibei', 'Hovde', '29679');
insert into adresa (adresa_id, stat_id, cislo_budovy, mesto, ulice, psc) values (312, 13, '87', 'Fuchun', 'Schlimgen', '87894');
insert into adresa (adresa_id, stat_id, cislo_budovy, mesto, ulice, psc) values (313, 1, '8041', 'Blerim', 'Nevada', '37673');
insert into adresa (adresa_id, stat_id, cislo_budovy, mesto, ulice, psc) values (314, 6, '72', 'Jinshan', 'Union', '44046');
insert into adresa (adresa_id, stat_id, cislo_budovy, mesto, ulice, psc) values (315, 15, '5', 'Meliau', 'Manitowish', '11810');
insert into adresa (adresa_id, stat_id, cislo_budovy, mesto, ulice, psc) values (316, 5, '44907', 'Chicago', 'Kipling', '38714');
insert into adresa (adresa_id, stat_id, cislo_budovy, mesto, ulice, psc) values (317, 6, '50780', 'Bang Lamung', 'Sunnyside', '53439');
insert into adresa (adresa_id, stat_id, cislo_budovy, mesto, ulice, psc) values (318, 15, '33', 'Bayan Huxu', 'Del Sol', '58041');
insert into adresa (adresa_id, stat_id, cislo_budovy, mesto, ulice, psc) values (319, 13, '274', 'Mogocha', 'Trailsway', '73438');
insert into adresa (adresa_id, stat_id, cislo_budovy, mesto, ulice, psc) values (320, 1, '8', 'Barlinek', 'Talmadge', '22443');
insert into adresa (adresa_id, stat_id, cislo_budovy, mesto, ulice, psc) values (321, 13, '96683', 'Birmingham', 'Laurel', '47486');
insert into adresa (adresa_id, stat_id, cislo_budovy, mesto, ulice, psc) values (322, 10, '3822', 'Al ‘Ashshah', 'Meadow Ridge', '19997');
insert into adresa (adresa_id, stat_id, cislo_budovy, mesto, ulice, psc) values (323, 16, '35', 'Kapsan-ŭp', 'Wayridge', '47921');
insert into adresa (adresa_id, stat_id, cislo_budovy, mesto, ulice, psc) values (324, 15, '57', 'Fovissste', 'Duke', '36342');
insert into adresa (adresa_id, stat_id, cislo_budovy, mesto, ulice, psc) values (325, 13, '3', 'Gogosuket', 'La Follette', '26208');
insert into adresa (adresa_id, stat_id, cislo_budovy, mesto, ulice, psc) values (326, 14, '047', 'Ibrā’', 'Sauthoff', '11078');
insert into adresa (adresa_id, stat_id, cislo_budovy, mesto, ulice, psc) values (327, 17, '97', 'Huaiyuan Chengguanzhen', 'Rowland', '82674');
insert into adresa (adresa_id, stat_id, cislo_budovy, mesto, ulice, psc) values (328, 17, '83', 'Leuburi', 'Packers', '16272');
insert into adresa (adresa_id, stat_id, cislo_budovy, mesto, ulice, psc) values (329, 9, '9720', 'Jieshi', 'Sullivan', '59136');
insert into adresa (adresa_id, stat_id, cislo_budovy, mesto, ulice, psc) values (330, 6, '5', 'Xinwan', 'Fair Oaks', '27912');
insert into adresa (adresa_id, stat_id, cislo_budovy, mesto, ulice, psc) values (331, 7, '98', 'Uman’', 'Dorton', '67424');
insert into adresa (adresa_id, stat_id, cislo_budovy, mesto, ulice, psc) values (332, 15, '73752', 'Merton', 'John Wall', '49939');
insert into adresa (adresa_id, stat_id, cislo_budovy, mesto, ulice, psc) values (333, 11, '35', 'Daixi', 'Judy', '99079');
insert into adresa (adresa_id, stat_id, cislo_budovy, mesto, ulice, psc) values (334, 12, '26464', 'Xiaocun', 'Stone Corner', '42003');
insert into adresa (adresa_id, stat_id, cislo_budovy, mesto, ulice, psc) values (335, 7, '0', 'Klirou', 'Kensington', '74693');
insert into adresa (adresa_id, stat_id, cislo_budovy, mesto, ulice, psc) values (336, 5, '25', 'Oetua', 'Hoard', '79741');
insert into adresa (adresa_id, stat_id, cislo_budovy, mesto, ulice, psc) values (337, 14, '0', 'Chelu', 'Hoepker', '96839');
insert into adresa (adresa_id, stat_id, cislo_budovy, mesto, ulice, psc) values (338, 16, '88635', 'Wysoka Strzyżowska', 'Pine View', '47382');
insert into adresa (adresa_id, stat_id, cislo_budovy, mesto, ulice, psc) values (339, 14, '252', 'Niebocko', '6th', '12002');
insert into adresa (adresa_id, stat_id, cislo_budovy, mesto, ulice, psc) values (340, 4, '7', 'Carquefou', 'Dwight', '68820');
insert into adresa (adresa_id, stat_id, cislo_budovy, mesto, ulice, psc) values (341, 1, '572', 'Mtsamdou', 'Kedzie', '84675');
insert into adresa (adresa_id, stat_id, cislo_budovy, mesto, ulice, psc) values (342, 6, '46', 'Mucumpiz', 'Charing Cross', '49953');
insert into adresa (adresa_id, stat_id, cislo_budovy, mesto, ulice, psc) values (343, 9, '9502', 'Kadubetara', 'Lien', '56383');
insert into adresa (adresa_id, stat_id, cislo_budovy, mesto, ulice, psc) values (344, 4, '7884', 'Guali', 'Sutteridge', '60406');
insert into adresa (adresa_id, stat_id, cislo_budovy, mesto, ulice, psc) values (345, 17, '8', 'Santa Cruz', 'Holmberg', '13824');
insert into adresa (adresa_id, stat_id, cislo_budovy, mesto, ulice, psc) values (346, 12, '799', 'Muncar', 'Dixon', '91071');
insert into adresa (adresa_id, stat_id, cislo_budovy, mesto, ulice, psc) values (347, 4, '5022', 'Ribeirão Pires', 'Esker', '49783');
insert into adresa (adresa_id, stat_id, cislo_budovy, mesto, ulice, psc) values (348, 11, '49774', 'Qinling Jieban', 'Tennyson', '74120');
insert into adresa (adresa_id, stat_id, cislo_budovy, mesto, ulice, psc) values (349, 11, '00', 'Grand Rapids', 'Larry', '50131');
insert into adresa (adresa_id, stat_id, cislo_budovy, mesto, ulice, psc) values (350, 10, '572', 'Franca', 'Rieder', '44800');
insert into adresa (adresa_id, stat_id, cislo_budovy, mesto, ulice, psc) values (351, 15, '507', 'Padilla', 'Sundown', '22349');
insert into adresa (adresa_id, stat_id, cislo_budovy, mesto, ulice, psc) values (352, 10, '07', 'Qaraçuxur', 'Calypso', '28792');
insert into adresa (adresa_id, stat_id, cislo_budovy, mesto, ulice, psc) values (353, 13, '61425', 'Kozmice', 'Northport', '40578');
insert into adresa (adresa_id, stat_id, cislo_budovy, mesto, ulice, psc) values (354, 2, '8432', 'Kongsvinger', 'Dapin', '90714');
insert into adresa (adresa_id, stat_id, cislo_budovy, mesto, ulice, psc) values (355, 13, '7243', 'Long’anqiao', 'Tennyson', '48139');
insert into adresa (adresa_id, stat_id, cislo_budovy, mesto, ulice, psc) values (356, 10, '115', 'Vindeln', 'Comanche', '58081');
insert into adresa (adresa_id, stat_id, cislo_budovy, mesto, ulice, psc) values (357, 17, '221', 'Hadžići', 'Jenifer', '58376');
insert into adresa (adresa_id, stat_id, cislo_budovy, mesto, ulice, psc) values (358, 2, '66373', 'La Garde', 'Hagan', '38826');
insert into adresa (adresa_id, stat_id, cislo_budovy, mesto, ulice, psc) values (359, 3, '675', 'Mardīān', 'Mesta', '39280');
insert into adresa (adresa_id, stat_id, cislo_budovy, mesto, ulice, psc) values (360, 2, '5', 'Dongji', 'Everett', '39942');
insert into adresa (adresa_id, stat_id, cislo_budovy, mesto, ulice, psc) values (361, 4, '9636', 'Lāmerd', 'Karstens', '29433');
insert into adresa (adresa_id, stat_id, cislo_budovy, mesto, ulice, psc) values (362, 11, '45603', 'Monção', 'Quincy', '14105');
insert into adresa (adresa_id, stat_id, cislo_budovy, mesto, ulice, psc) values (363, 5, '28', 'Casuguran', 'Mosinee', '34755');
insert into adresa (adresa_id, stat_id, cislo_budovy, mesto, ulice, psc) values (364, 1, '33', 'Shazhenxi', 'Namekagon', '40186');
insert into adresa (adresa_id, stat_id, cislo_budovy, mesto, ulice, psc) values (365, 10, '8106', 'Ondangwa', 'Annamark', '42377');
insert into adresa (adresa_id, stat_id, cislo_budovy, mesto, ulice, psc) values (366, 11, '00455', 'Rrasa e Sipërme', 'Dayton', '53490');
insert into adresa (adresa_id, stat_id, cislo_budovy, mesto, ulice, psc) values (367, 1, '9448', 'Jinlong', 'Elmside', '97210');
insert into adresa (adresa_id, stat_id, cislo_budovy, mesto, ulice, psc) values (368, 17, '3569', 'Egbe', 'Miller', '69672');
insert into adresa (adresa_id, stat_id, cislo_budovy, mesto, ulice, psc) values (369, 16, '424', 'Torre', 'Anniversary', '86464');
insert into adresa (adresa_id, stat_id, cislo_budovy, mesto, ulice, psc) values (370, 16, '3', 'Montasik', 'Ruskin', '58122');
insert into adresa (adresa_id, stat_id, cislo_budovy, mesto, ulice, psc) values (371, 17, '4', 'Xin’andu', 'Jana', '59613');
insert into adresa (adresa_id, stat_id, cislo_budovy, mesto, ulice, psc) values (372, 14, '07', 'Żarki', 'Vahlen', '10974');
insert into adresa (adresa_id, stat_id, cislo_budovy, mesto, ulice, psc) values (373, 5, '8039', 'Utsunomiya-shi', 'Comanche', '75442');
insert into adresa (adresa_id, stat_id, cislo_budovy, mesto, ulice, psc) values (374, 7, '6941', 'Ghār al Milḩ', 'John Wall', '99624');
insert into adresa (adresa_id, stat_id, cislo_budovy, mesto, ulice, psc) values (375, 7, '82', 'Neqāb', 'Algoma', '68398');
insert into adresa (adresa_id, stat_id, cislo_budovy, mesto, ulice, psc) values (376, 4, '04951', 'Varāmīn', 'Gulseth', '34064');
insert into adresa (adresa_id, stat_id, cislo_budovy, mesto, ulice, psc) values (377, 4, '9', 'Shuikou', 'Hagan', '88848');
insert into adresa (adresa_id, stat_id, cislo_budovy, mesto, ulice, psc) values (378, 15, '9180', 'Vale de São Cosme', 'Larry', '22045');
insert into adresa (adresa_id, stat_id, cislo_budovy, mesto, ulice, psc) values (379, 7, '8', 'Evansville', 'Sycamore', '80620');
insert into adresa (adresa_id, stat_id, cislo_budovy, mesto, ulice, psc) values (380, 5, '015', 'El Asintal', 'Jay', '94316');
insert into adresa (adresa_id, stat_id, cislo_budovy, mesto, ulice, psc) values (381, 16, '5716', 'Trebisht-Muçinë', 'Sutteridge', '67474');
insert into adresa (adresa_id, stat_id, cislo_budovy, mesto, ulice, psc) values (382, 10, '3093', 'Thayetmyo', 'Barnett', '59671');
insert into adresa (adresa_id, stat_id, cislo_budovy, mesto, ulice, psc) values (383, 6, '011', 'Huangbei', 'Maple', '40038');
insert into adresa (adresa_id, stat_id, cislo_budovy, mesto, ulice, psc) values (384, 5, '65456', 'Pattani', 'Scofield', '93585');
insert into adresa (adresa_id, stat_id, cislo_budovy, mesto, ulice, psc) values (385, 15, '15', 'Gwoźnica Górna', 'Randy', '57348');
insert into adresa (adresa_id, stat_id, cislo_budovy, mesto, ulice, psc) values (386, 17, '1047', 'Mānānwāla', 'Elka', '57002');
insert into adresa (adresa_id, stat_id, cislo_budovy, mesto, ulice, psc) values (387, 4, '24', 'Port-de-Bouc', 'Rutledge', '72713');
insert into adresa (adresa_id, stat_id, cislo_budovy, mesto, ulice, psc) values (388, 16, '6', 'Kepuh', 'Eastlawn', '94386');
insert into adresa (adresa_id, stat_id, cislo_budovy, mesto, ulice, psc) values (389, 15, '29', 'Zaindainxoi', 'Glendale', '38028');
insert into adresa (adresa_id, stat_id, cislo_budovy, mesto, ulice, psc) values (390, 4, '8', 'Ohafia-Ifigh', 'Stuart', '89343');
insert into adresa (adresa_id, stat_id, cislo_budovy, mesto, ulice, psc) values (391, 6, '48', 'Odrinhas', 'John Wall', '66329');
insert into adresa (adresa_id, stat_id, cislo_budovy, mesto, ulice, psc) values (392, 11, '67964', 'Batakte', 'Tony', '51968');
insert into adresa (adresa_id, stat_id, cislo_budovy, mesto, ulice, psc) values (393, 14, '6', 'Belovodskoye', 'Crowley', '31372');
insert into adresa (adresa_id, stat_id, cislo_budovy, mesto, ulice, psc) values (394, 13, '597', 'Wolin', 'Miller', '19366');
insert into adresa (adresa_id, stat_id, cislo_budovy, mesto, ulice, psc) values (395, 1, '4887', 'Goiatuba', 'Northridge', '64373');
insert into adresa (adresa_id, stat_id, cislo_budovy, mesto, ulice, psc) values (396, 6, '089', 'Heshi', 'Alpine', '46964');
insert into adresa (adresa_id, stat_id, cislo_budovy, mesto, ulice, psc) values (397, 8, '13', 'Prague', 'Masna', '11000');
insert into adresa (adresa_id, stat_id, cislo_budovy, mesto, ulice, psc) values (398, 11, '8815', 'Żarki', 'Rockefeller', '27779');
insert into adresa (adresa_id, stat_id, cislo_budovy, mesto, ulice, psc) values (399, 8, '13', 'Prague', 'Pracska', '102 00');
insert into adresa (adresa_id, stat_id, cislo_budovy, mesto, ulice, psc) values (400, 8, '15', 'Prague', 'Kovaku', '150 00');
insert into adresa (adresa_id, stat_id, cislo_budovy, mesto, ulice, psc) values (401, 8, '22', 'Prague', 'Zahradni mesto', '106 00');
insert into adresa (adresa_id, stat_id, cislo_budovy, mesto, ulice, psc) values (402, 8, '12', 'Prague', 'Namesti Republiky', '110 00');
insert into adresa (adresa_id, stat_id, cislo_budovy, mesto, ulice, psc) values (403, 8, '912', 'Prague', 'Svornosti', '150 00');
insert into adresa (adresa_id, stat_id, cislo_budovy, mesto, ulice, psc) values (404, 8, '311', 'Prague', 'Na Prikope', '110 00');

select setval(pg_get_serial_sequence('adresa','adresa_id'),404);

--Tabulka Pobocka

insert into pobocka (pobocka_id, adresa_id, cislo, nazev) values (1, 345, '1', 'Republico');  --cz
insert into pobocka (pobocka_id, adresa_id, cislo, nazev) values (2, 4, '2', 'Bagando de madrido'); --spain
insert into pobocka (pobocka_id, adresa_id, cislo, nazev) values (3, 132, '3', 'Las Amerika');
insert into pobocka (pobocka_id, adresa_id, cislo, nazev) values (4, 6, '4', 'Mars mark one');
insert into pobocka (pobocka_id, adresa_id, cislo, nazev) values (5, 10, '5', 'Elon');
insert into pobocka (pobocka_id, adresa_id, cislo, nazev) values (6, 103, '6', 'Bantar Tengah');
insert into pobocka (pobocka_id, adresa_id, cislo, nazev) values (7, 108, '7', 'Fuzhou');

insert into pobocka (pobocka_id, adresa_id, cislo, nazev) values (8, 129, '8', 'Lincoln');
insert into pobocka (pobocka_id, adresa_id, cislo, nazev) values (9, 133, '9', 'Kanye');
insert into pobocka (pobocka_id, adresa_id, cislo, nazev) values (10, 62, '10', 'Macamic');
insert into pobocka (pobocka_id, adresa_id, cislo, nazev) values (11, 99, '11', 'Telpaneca');
insert into pobocka (pobocka_id, adresa_id, cislo, nazev) values (12, 91, '12', 'Cadagmayan Norte');
insert into pobocka (pobocka_id, adresa_id, cislo, nazev) values (13, 77, '13', 'Maret');
insert into pobocka (pobocka_id, adresa_id, cislo, nazev) values (14, 112, '14', 'Le Cannet');
insert into pobocka (pobocka_id, adresa_id, cislo, nazev) values (15, 378, '15', 'Long Layu');
insert into pobocka (pobocka_id, adresa_id, cislo, nazev) values (16, 120, '16', 'Armstrong');
insert into pobocka (pobocka_id, adresa_id, cislo, nazev) values (17, 401, '17', 'Skalka');

select setval(pg_get_serial_sequence('pobocka','pobocka_id'),17);

--osoba typ

insert into osoba_typ (osoba_typ_id, nazev) values (1, 'zamestnanec');
insert into osoba_typ (osoba_typ_id, nazev) values (2, 'zakaznik');

select setval(pg_get_serial_sequence('osoba_typ','osoba_typ_id'),2);


--Tabulka Osoba




insert into osoba (osoba_id, osoba_typ_id, adresa_id, cislo, jmeno, prijmeni, email) values (1, 1, 231, '+54 (968) 932-6705', 'Bernarr', 'Daffey', 'bdaffey0@sakura.ne.jp');
insert into osoba (osoba_id, osoba_typ_id, adresa_id, cislo, jmeno, prijmeni, email) values (2, 1, 20, '+1 (469) 629-8667', 'Mei', 'Jorg', 'mjorg1@nsw.gov.au');
insert into osoba (osoba_id, osoba_typ_id, adresa_id, cislo, jmeno, prijmeni, email) values (3, 1, 341, '+31 (393) 385-1871', 'Georgiana', 'Aspray', 'gaspray2@google.nl');
insert into osoba (osoba_id, osoba_typ_id, adresa_id, cislo, jmeno, prijmeni, email) values (4, 1, 21, '+62 (900) 587-0117', 'Vlad', 'Keymar', 'vkeymar3@guardian.co.uk');
insert into osoba (osoba_id, osoba_typ_id, adresa_id, cislo, jmeno, prijmeni, email) values (5, 1, 284, '+46 (651) 975-1669', 'Simona', 'Daniellot', 'sdaniellot4@msn.com');
insert into osoba (osoba_id, osoba_typ_id, adresa_id, cislo, jmeno, prijmeni, email) values (6, 1, 22, '+63 (686) 129-2457', 'Earlie', 'McGilben', 'emcgilben5@github.com');
insert into osoba (osoba_id, osoba_typ_id, adresa_id, cislo, jmeno, prijmeni, email) values (7, 1, 297, '+62 (278) 166-1347', 'Wallas', 'Moncarr', 'wmoncarr6@cnet.com');
insert into osoba (osoba_id, osoba_typ_id, adresa_id, cislo, jmeno, prijmeni, email) values (8, 1, 23, '+976 (365) 247-5143', 'Conway', 'Haruard', 'charuard7@wunderground.com');
insert into osoba (osoba_id, osoba_typ_id, adresa_id, cislo, jmeno, prijmeni, email) values (9, 1, 311, '+972 (927) 649-4718', 'Wilhelmina', 'Filer', 'wfiler8@soundcloud.com');
insert into osoba (osoba_id, osoba_typ_id, adresa_id, cislo, jmeno, prijmeni, email) values (10, 1, 24, '+63 (286) 849-1693', 'Garry', 'Kirckman', 'gkirckman9@sina.com.cn');
insert into osoba (osoba_id, osoba_typ_id, adresa_id, cislo, jmeno, prijmeni, email) values (11, 1, 337, '+46 (268) 905-9388', 'Ricky', 'Pennings', 'rpenningsa@narod.ru');
insert into osoba (osoba_id, osoba_typ_id, adresa_id, cislo, jmeno, prijmeni, email) values (12, 1, 25, '+86 (126) 397-2625', 'Andreas', 'Jacklings', 'ajacklingsb@usa.gov');
insert into osoba (osoba_id, osoba_typ_id, adresa_id, cislo, jmeno, prijmeni, email) values (13, 1, 142, '+992 (923) 445-8130', 'Hyacinthe', 'Malden', 'hmaldenc@clickbank.net');
insert into osoba (osoba_id, osoba_typ_id, adresa_id, cislo, jmeno, prijmeni, email) values (14, 1, 26, '+81 (870) 654-0330', 'Cyndi', 'Seemmonds', 'cseemmondsd@seattletimes.com');
insert into osoba (osoba_id, osoba_typ_id, adresa_id, cislo, jmeno, prijmeni, email) values (15, 1, 230, '+48 (332) 857-8616', 'Marv', 'Patient', 'mpatiente@state.tx.us');
insert into osoba (osoba_id, osoba_typ_id, adresa_id, cislo, jmeno, prijmeni, email) values (16, 1, 27, '+62 (878) 125-3046', 'Guillemette', 'Allicock', 'gallicockf@mysql.com');
insert into osoba (osoba_id, osoba_typ_id, adresa_id, cislo, jmeno, prijmeni, email) values (17, 1, 365, '+46 (160) 644-0302', 'Emelita', 'Gordge', 'egordgeg@blogger.com');
insert into osoba (osoba_id, osoba_typ_id, adresa_id, cislo, jmeno, prijmeni, email) values (18, 1, 28, '+7 (408) 572-0355', 'Catherine', 'Christal', 'cchristalh@theguardian.com');
insert into osoba (osoba_id, osoba_typ_id, adresa_id, cislo, jmeno, prijmeni, email) values (19, 1, 206, '+33 (389) 852-0714', 'Cathee', 'McKinie', 'cmckiniei@php.net');
insert into osoba (osoba_id, osoba_typ_id, adresa_id, cislo, jmeno, prijmeni, email) values (20, 1, 29, '+351 (603) 419-3110', 'Kissie', 'Camier', 'kcamierj@e-recht24.de');
insert into osoba (osoba_id, osoba_typ_id, adresa_id, cislo, jmeno, prijmeni, email) values (21, 1, 231, '+351 (353) 289-3982', 'Taffy', 'Bosma', 'tbosmak@smugmug.com');
insert into osoba (osoba_id, osoba_typ_id, adresa_id, cislo, jmeno, prijmeni, email) values (22, 1, 30, '+1 (843) 368-5911', 'Timofei', 'Peaseman', 'tpeasemanl@dell.com');
insert into osoba (osoba_id, osoba_typ_id, adresa_id, cislo, jmeno, prijmeni, email) values (23, 1, 227, '+81 (196) 689-4434', 'Marlin', 'Braithwaite', 'mbraithwaitem@ebay.co.uk');
insert into osoba (osoba_id, osoba_typ_id, adresa_id, cislo, jmeno, prijmeni, email) values (24, 1, 31, '+86 (335) 105-6465', 'Lawry', 'Matley', 'lmatleyn@themeforest.net');
insert into osoba (osoba_id, osoba_typ_id, adresa_id, cislo, jmeno, prijmeni, email) values (25, 1, 316, '+48 (869) 833-0406', 'Donall', 'Stowgill', 'dstowgillo@nbcnews.com');
insert into osoba (osoba_id, osoba_typ_id, adresa_id, cislo, jmeno, prijmeni, email) values (26, 1, 32, '+7 (419) 394-7374', 'Fowler', 'Rackham', 'frackhamp@photobucket.com');
insert into osoba (osoba_id, osoba_typ_id, adresa_id, cislo, jmeno, prijmeni, email) values (27, 1, 271, '+92 (510) 646-5722', 'Stace', 'Jekyll', 'sjekyllq@umn.edu');
insert into osoba (osoba_id, osoba_typ_id, adresa_id, cislo, jmeno, prijmeni, email) values (28, 1, 33, '+62 (251) 586-6433', 'Sadie', 'Pearcy', 'spearcyr@purevolume.com');
insert into osoba (osoba_id, osoba_typ_id, adresa_id, cislo, jmeno, prijmeni, email) values (29, 1, 185, '+62 (704) 207-7556', 'Dot', 'Taig', 'dtaigs@reverbnation.com');
insert into osoba (osoba_id, osoba_typ_id, adresa_id, cislo, jmeno, prijmeni, email) values (30, 1, 34, '+962 (698) 484-4002', 'Merissa', 'Jones', 'mjonest@rambler.ru');
insert into osoba (osoba_id, osoba_typ_id, adresa_id, cislo, jmeno, prijmeni, email) values (31, 1, 229, '+7 (334) 260-6054', 'Anabel', 'Swiggs', 'aswiggsu@usda.gov');
insert into osoba (osoba_id, osoba_typ_id, adresa_id, cislo, jmeno, prijmeni, email) values (32, 1, 35, '+86 (116) 329-7146', 'Vern', 'Rosendorf', 'vrosendorfv@accuweather.com');
insert into osoba (osoba_id, osoba_typ_id, adresa_id, cislo, jmeno, prijmeni, email) values (33, 1, 249, '+52 (980) 865-3389', 'Stillman', 'Strowger', 'sstrowgerw@tinyurl.com');
insert into osoba (osoba_id, osoba_typ_id, adresa_id, cislo, jmeno, prijmeni, email) values (34, 1, 36, '+63 (497) 521-4001', 'Daisi', 'Pittam', 'dpittamx@behance.net');
insert into osoba (osoba_id, osoba_typ_id, adresa_id, cislo, jmeno, prijmeni, email) values (35, 1, 289, '+375 (193) 304-2404', 'Otho', 'Dacres', 'odacresy@histats.com');
insert into osoba (osoba_id, osoba_typ_id, adresa_id, cislo, jmeno, prijmeni, email) values (36, 1, 36, '+86 (707) 626-1108', 'Dael', 'Lumbly', 'dlumblyz@tinyurl.com');
insert into osoba (osoba_id, osoba_typ_id, adresa_id, cislo, jmeno, prijmeni, email) values (37, 1, 341, '+47 (416) 667-1344', 'Nicola', 'Pammenter', 'npammenter10@networkadvertising.org');
insert into osoba (osoba_id, osoba_typ_id, adresa_id, cislo, jmeno, prijmeni, email) values (38, 1, 37, '+62 (538) 666-9621', 'Leonanie', 'Wemyss', 'lwemyss11@is.gd');
insert into osoba (osoba_id, osoba_typ_id, adresa_id, cislo, jmeno, prijmeni, email) values (39, 1, 301, '+1 (819) 408-0661', 'Augustus', 'Portwaine', 'aportwaine12@ed.gov');
insert into osoba (osoba_id, osoba_typ_id, adresa_id, cislo, jmeno, prijmeni, email) values (40, 1, 38, '+86 (723) 845-2729', 'Raymund', 'Laidel', 'rlaidel13@goo.ne.jp');
insert into osoba (osoba_id, osoba_typ_id, adresa_id, cislo, jmeno, prijmeni, email) values (41, 1, 360, '+374 (689) 459-0825', 'Tye', 'Domm', 'tdomm14@spotify.com');
insert into osoba (osoba_id, osoba_typ_id, adresa_id, cislo, jmeno, prijmeni, email) values (42, 1, 39, '+62 (664) 644-9689', 'Shaw', 'Ibert', 'sibert15@xinhuanet.com');
insert into osoba (osoba_id, osoba_typ_id, adresa_id, cislo, jmeno, prijmeni, email) values (43, 1, 178, '+86 (864) 397-4253', 'Moll', 'Rushbrook', 'mrushbrook16@epa.gov');
insert into osoba (osoba_id, osoba_typ_id, adresa_id, cislo, jmeno, prijmeni, email) values (44, 1, 40, '+62 (809) 924-7844', 'Kaspar', 'Dumbelton', 'kdumbelton17@moonfruit.com');
insert into osoba (osoba_id, osoba_typ_id, adresa_id, cislo, jmeno, prijmeni, email) values (45, 1, 219, '+86 (708) 787-5331', 'Thorndike', 'Troppmann', 'ttroppmann18@thetimes.co.uk');
insert into osoba (osoba_id, osoba_typ_id, adresa_id, cislo, jmeno, prijmeni, email) values (46, 1, 41, '+63 (205) 477-5757', 'Richmond', 'Lehmann', 'rlehmann19@lycos.com');
insert into osoba (osoba_id, osoba_typ_id, adresa_id, cislo, jmeno, prijmeni, email) values (47, 1, 279, '+86 (246) 805-1268', 'Alfy', 'Scotchbourouge', 'ascotchbourouge1a@scribd.com');
insert into osoba (osoba_id, osoba_typ_id, adresa_id, cislo, jmeno, prijmeni, email) values (48, 1, 42, '+62 (414) 334-7270', 'Isaak', 'Mattea', 'imattea1b@wikia.com');
insert into osoba (osoba_id, osoba_typ_id, adresa_id, cislo, jmeno, prijmeni, email) values (49, 1, 210, '+692 (396) 150-4821', 'Blondie', 'Avon', 'bavon1c@qq.com');
insert into osoba (osoba_id, osoba_typ_id, adresa_id, cislo, jmeno, prijmeni, email) values (50, 1, 43, '+380 (731) 189-2685', 'Nefen', 'Grutchfield', 'ngrutchfield1d@clickbank.net');
insert into osoba (osoba_id, osoba_typ_id, adresa_id, cislo, jmeno, prijmeni, email) values (51, 1, 158, '+55 (293) 564-5857', 'Ailbert', 'Broxis', 'abroxis1e@wunderground.com');
insert into osoba (osoba_id, osoba_typ_id, adresa_id, cislo, jmeno, prijmeni, email) values (52, 1, 44, '+269 (556) 960-9970', 'Court', 'Norcliff', 'cnorcliff1f@woothemes.com');
insert into osoba (osoba_id, osoba_typ_id, adresa_id, cislo, jmeno, prijmeni, email) values (53, 1, 152, '+57 (704) 813-5214', 'Debbi', 'Fardoe', 'dfardoe1g@fema.gov');
insert into osoba (osoba_id, osoba_typ_id, adresa_id, cislo, jmeno, prijmeni, email) values (54, 1, 45, '+51 (542) 288-9968', 'Jennifer', 'Raden', 'jraden1h@ihg.com');
insert into osoba (osoba_id, osoba_typ_id, adresa_id, cislo, jmeno, prijmeni, email) values (55, 1, 276, '+382 (338) 502-0233', 'Sibyl', 'Moir', 'smoir1i@pinterest.com');
insert into osoba (osoba_id, osoba_typ_id, adresa_id, cislo, jmeno, prijmeni, email) values (56, 1, 46, '+351 (269) 109-5044', 'Deva', 'Besemer', 'dbesemer1j@nature.com');
insert into osoba (osoba_id, osoba_typ_id, adresa_id, cislo, jmeno, prijmeni, email) values (57, 1, 343, '+98 (198) 183-7310', 'Wandie', 'Laurisch', 'wlaurisch1k@moonfruit.com');
insert into osoba (osoba_id, osoba_typ_id, adresa_id, cislo, jmeno, prijmeni, email) values (58, 1, 47, '+380 (815) 440-6637', 'Randal', 'Ingall', 'ringall1l@ycombinator.com');
insert into osoba (osoba_id, osoba_typ_id, adresa_id, cislo, jmeno, prijmeni, email) values (59, 1, 318, '+86 (777) 601-6676', 'Kim', 'Jaffrey', 'kjaffrey1m@gizmodo.com');
insert into osoba (osoba_id, osoba_typ_id, adresa_id, cislo, jmeno, prijmeni, email) values (60, 1, 48, '+86 (157) 503-1793', 'Tudor', 'Tolan', 'ttolan1n@booking.com');
insert into osoba (osoba_id, osoba_typ_id, adresa_id, cislo, jmeno, prijmeni, email) values (61, 1, 170, '+62 (644) 459-9067', 'Renado', 'Kaliszewski', 'rkaliszewski1o@wp.com');
insert into osoba (osoba_id, osoba_typ_id, adresa_id, cislo, jmeno, prijmeni, email) values (62, 1, 49, '+62 (417) 911-2886', 'Andras', 'Edel', 'aedel1p@bloglovin.com');

insert into osoba (osoba_id, osoba_typ_id, adresa_id, cislo, jmeno, prijmeni, email) values (63, 2, 138, '+420 (795) 688-913', 'Alza', 'Cz', 'alza@seznam.cz');
insert into osoba (osoba_id, osoba_typ_id, adresa_id, cislo, jmeno, prijmeni, email) values (64, 2, 399, '+420 (655) 259-835', 'Jirka', 'Havel', 'jirkatall1r@seznam.cz');
insert into osoba (osoba_id, osoba_typ_id, adresa_id, cislo, jmeno, prijmeni, email) values (65, 2, 400, '+420 (148) 172-177', 'Zuzana', 'Matouska', 'matzuzua@seznam.cz');
insert into osoba (osoba_id, osoba_typ_id, adresa_id, cislo, jmeno, prijmeni, email) values (66, 2, 397, '+420 (857) 254-874', 'Jan', 'Petracek', 'jpetrmner1t@seznam.cz');
insert into osoba (osoba_id, osoba_typ_id, adresa_id, cislo, jmeno, prijmeni, email) values (67, 2, 136, '+61 (801) 639-2698', 'Annabelle', 'Sultana', 'asultana1u@eepurl.com');
insert into osoba (osoba_id, osoba_typ_id, adresa_id, cislo, jmeno, prijmeni, email) values (68, 2, 236, '+63 (900) 872-8336', 'Zorine', 'Tamblyn', 'ztamblyn1v@usnews.com');
insert into osoba (osoba_id, osoba_typ_id, adresa_id, cislo, jmeno, prijmeni, email) values (69, 2, 204, '+1 (902) 728-4753', 'Melisenda', 'Belvard', 'mbelvard1w@squarespace.com');
insert into osoba (osoba_id, osoba_typ_id, adresa_id, cislo, jmeno, prijmeni, email) values (70, 2, 223, '+30 (188) 405-5093', 'Damiano', 'Gaenor', 'dgaenor1x@tmall.com');
insert into osoba (osoba_id, osoba_typ_id, adresa_id, cislo, jmeno, prijmeni, email) values (71, 2, 304, '+57 (888) 712-6674', 'Antoinette', 'Veque', 'aveque1y@artisteer.com');
insert into osoba (osoba_id, osoba_typ_id, adresa_id, cislo, jmeno, prijmeni, email) values (72, 2, 165, '+86 (789) 409-1534', 'Siana', 'Spottiswoode', 'sspottiswoode1z@home.pl');
insert into osoba (osoba_id, osoba_typ_id, adresa_id, cislo, jmeno, prijmeni, email) values (73, 2, 354, '+502 (440) 275-3942', 'Carny', 'Dunbar', 'cdunbar20@devhub.com');
insert into osoba (osoba_id, osoba_typ_id, adresa_id, cislo, jmeno, prijmeni, email) values (74, 2, 206, '+81 (488) 880-6250', 'Dorris', 'Cardwell', 'dcardwell21@illinois.edu');
insert into osoba (osoba_id, osoba_typ_id, adresa_id, cislo, jmeno, prijmeni, email) values (75, 2, 217, '+45 (118) 494-8338', 'Rodrick', 'Poveleye', 'rpoveleye22@yelp.com');
insert into osoba (osoba_id, osoba_typ_id, adresa_id, cislo, jmeno, prijmeni, email) values (76, 2, 286, '+86 (279) 851-6518', 'Dunc', 'Findley', 'dfindley23@weibo.com');
insert into osoba (osoba_id, osoba_typ_id, adresa_id, cislo, jmeno, prijmeni, email) values (77, 2, 180, '+27 (643) 756-3037', 'Taryn', 'Finby', 'tfinby24@histats.com');
insert into osoba (osoba_id, osoba_typ_id, adresa_id, cislo, jmeno, prijmeni, email) values (78, 2, 192, '+62 (877) 487-9319', 'Stefan', 'Fireman', 'sfireman25@huffingtonpost.com');
insert into osoba (osoba_id, osoba_typ_id, adresa_id, cislo, jmeno, prijmeni, email) values (79, 2, 343, '+62 (751) 173-1666', 'Arlin', 'Robet', 'arobet26@pbs.org');
insert into osoba (osoba_id, osoba_typ_id, adresa_id, cislo, jmeno, prijmeni, email) values (80, 2, 146, '+62 (675) 361-9953', 'Woodie', 'O''Carroll', 'wocarroll27@ezinearticles.com');
insert into osoba (osoba_id, osoba_typ_id, adresa_id, cislo, jmeno, prijmeni, email) values (81, 2, 321, '+92 (738) 542-6559', 'Marti', 'Meindl', 'mmeindl28@macromedia.com');
insert into osoba (osoba_id, osoba_typ_id, adresa_id, cislo, jmeno, prijmeni, email) values (82, 2, 155, '+7 (772) 688-6005', 'Auguste', 'Halbeard', 'ahalbeard29@imageshack.us');
insert into osoba (osoba_id, osoba_typ_id, adresa_id, cislo, jmeno, prijmeni, email) values (83, 2, 321, '+63 (760) 201-6150', 'Peria', 'Martinello', 'pmartinello2a@histats.com');
insert into osoba (osoba_id, osoba_typ_id, adresa_id, cislo, jmeno, prijmeni, email) values (84, 2, 358, '+62 (167) 373-8268', 'Tanhya', 'Samsworth', 'tsamsworth2b@mediafire.com');
insert into osoba (osoba_id, osoba_typ_id, adresa_id, cislo, jmeno, prijmeni, email) values (85, 2, 361, '+234 (910) 867-1876', 'Glenda', 'Baszkiewicz', 'gbaszkiewicz2c@mapy.cz');
insert into osoba (osoba_id, osoba_typ_id, adresa_id, cislo, jmeno, prijmeni, email) values (86, 2, 230, '+7 (834) 672-2054', 'Gabbi', 'McMonies', 'gmcmonies2d@abc.net.au');
insert into osoba (osoba_id, osoba_typ_id, adresa_id, cislo, jmeno, prijmeni, email) values (87, 2, 309, '+98 (324) 741-3830', 'Dilly', 'Burder', 'dburder2e@stanford.edu');
insert into osoba (osoba_id, osoba_typ_id, adresa_id, cislo, jmeno, prijmeni, email) values (88, 2, 373, '+62 (340) 742-1843', 'Irene', 'Roscam', 'iroscam2f@house.gov');
insert into osoba (osoba_id, osoba_typ_id, adresa_id, cislo, jmeno, prijmeni, email) values (89, 2, 334, '+98 (807) 878-4125', 'Neal', 'Rickard', 'nrickard2g@illinois.edu');
insert into osoba (osoba_id, osoba_typ_id, adresa_id, cislo, jmeno, prijmeni, email) values (90, 2, 146, '+7 (203) 200-9638', 'Jamaal', 'Willbourne', 'jwillbourne2h@patch.com');
insert into osoba (osoba_id, osoba_typ_id, adresa_id, cislo, jmeno, prijmeni, email) values (91, 2, 367, '+86 (664) 653-0291', 'Malina', 'Gerhartz', 'mgerhartz2i@hibu.com');
insert into osoba (osoba_id, osoba_typ_id, adresa_id, cislo, jmeno, prijmeni, email) values (92, 2, 252, '+46 (147) 819-1655', 'Erl', 'Tower', 'etower2j@elegantthemes.com');
insert into osoba (osoba_id, osoba_typ_id, adresa_id, cislo, jmeno, prijmeni, email) values (93, 2, 180, '+86 (380) 724-6882', 'Donnamarie', 'Hutsby', 'dhutsby2k@i2i.jp');
insert into osoba (osoba_id, osoba_typ_id, adresa_id, cislo, jmeno, prijmeni, email) values (94, 2, 175, '+46 (960) 473-3795', 'Kristopher', 'Roydon', 'kroydon2l@google.de');
insert into osoba (osoba_id, osoba_typ_id, adresa_id, cislo, jmeno, prijmeni, email) values (95, 2, 153, '+255 (932) 559-3402', 'Madelina', 'Seldner', 'mseldner2m@bluehost.com');
insert into osoba (osoba_id, osoba_typ_id, adresa_id, cislo, jmeno, prijmeni, email) values (96, 2, 179, '+7 (536) 413-7972', 'Calypso', 'Gerding', 'cgerding2n@ow.ly');
insert into osoba (osoba_id, osoba_typ_id, adresa_id, cislo, jmeno, prijmeni, email) values (97, 2, 321, '+7 (276) 399-5923', 'Harland', 'Niset', 'hniset2o@japanpost.jp');
insert into osoba (osoba_id, osoba_typ_id, adresa_id, cislo, jmeno, prijmeni, email) values (98, 2, 218, '+86 (129) 695-6242', 'Wanids', 'Elby', 'welby2p@geocities.com');
insert into osoba (osoba_id, osoba_typ_id, adresa_id, cislo, jmeno, prijmeni, email) values (99, 2, 356, '+63 (301) 194-2612', 'Raine', 'Wasbrough', 'rwasbrough2q@theguardian.com');
insert into osoba (osoba_id, osoba_typ_id, adresa_id, cislo, jmeno, prijmeni, email) values (100, 2, 239, '+232 (428) 238-0017', 'Ailis', 'Postle', 'apostle2r@themeforest.net');
insert into osoba (osoba_id, osoba_typ_id, adresa_id, cislo, jmeno, prijmeni, email) values (101, 2, 137, '+86 (105) 840-8579', 'Jeddy', 'Boness', 'jboness2s@archive.org');
insert into osoba (osoba_id, osoba_typ_id, adresa_id, cislo, jmeno, prijmeni, email) values (102, 2, 349, '+374 (841) 745-3492', 'Dene', 'Gissop', 'dgissop2t@nyu.edu');
insert into osoba (osoba_id, osoba_typ_id, adresa_id, cislo, jmeno, prijmeni, email) values (103, 2, 243, '+58 (379) 472-1818', 'Gerry', 'Hurche', 'ghurche2u@flavors.me');
insert into osoba (osoba_id, osoba_typ_id, adresa_id, cislo, jmeno, prijmeni, email) values (104, 2, 228, '+380 (275) 273-4969', 'Norma', 'Eames', 'neames2v@canalblog.com');
insert into osoba (osoba_id, osoba_typ_id, adresa_id, cislo, jmeno, prijmeni, email) values (105, 2, 344, '+7 (452) 513-1513', 'Esma', 'Pilgrim', 'epilgrim2w@woothemes.com');
insert into osoba (osoba_id, osoba_typ_id, adresa_id, cislo, jmeno, prijmeni, email) values (106, 2, 251, '+57 (483) 392-2136', 'Elvin', 'Chatwood', 'echatwood2x@tinypic.com');
insert into osoba (osoba_id, osoba_typ_id, adresa_id, cislo, jmeno, prijmeni, email) values (107, 2, 307, '+52 (673) 402-7307', 'Zeb', 'Kinch', 'zkinch2y@xing.com');
insert into osoba (osoba_id, osoba_typ_id, adresa_id, cislo, jmeno, prijmeni, email) values (108, 2, 166, '+33 (139) 866-0471', 'Angeline', 'Babon', 'ababon2z@npr.org');
insert into osoba (osoba_id, osoba_typ_id, adresa_id, cislo, jmeno, prijmeni, email) values (109, 2, 315, '+86 (616) 309-5056', 'Anastassia', 'Dewsnap', 'adewsnap30@technorati.com');
insert into osoba (osoba_id, osoba_typ_id, adresa_id, cislo, jmeno, prijmeni, email) values (110, 2, 227, '+359 (732) 534-2979', 'Jedd', 'Hullot', 'jhullot31@un.org');
insert into osoba (osoba_id, osoba_typ_id, adresa_id, cislo, jmeno, prijmeni, email) values (111, 2, 293, '+86 (618) 936-6772', 'Phyllys', 'Polden', 'ppolden32@bbb.org');
insert into osoba (osoba_id, osoba_typ_id, adresa_id, cislo, jmeno, prijmeni, email) values (112, 2, 307, '+98 (789) 546-9330', 'Dimitry', 'Steer', 'dsteer33@blinklist.com');
insert into osoba (osoba_id, osoba_typ_id, adresa_id, cislo, jmeno, prijmeni, email) values (113, 2, 337, '+86 (542) 861-0526', 'Scottie', 'Raiston', 'sraiston34@typepad.com');
insert into osoba (osoba_id, osoba_typ_id, adresa_id, cislo, jmeno, prijmeni, email) values (114, 2, 310, '+66 (911) 588-3469', 'Dew', 'Oene', 'doene35@nytimes.com');
insert into osoba (osoba_id, osoba_typ_id, adresa_id, cislo, jmeno, prijmeni, email) values (115, 2, 360, '+86 (757) 158-3283', 'Ailsun', 'Longcake', 'alongcake36@blog.com');
insert into osoba (osoba_id, osoba_typ_id, adresa_id, cislo, jmeno, prijmeni, email) values (116, 2, 207, '+1 (910) 330-2484', 'Lawry', 'Budget', 'lbudget37@mac.com');
insert into osoba (osoba_id, osoba_typ_id, adresa_id, cislo, jmeno, prijmeni, email) values (117, 2, 228, '+33 (142) 314-4795', 'Steward', 'Dupre', 'sdupre38@usa.gov');
insert into osoba (osoba_id, osoba_typ_id, adresa_id, cislo, jmeno, prijmeni, email) values (118, 2, 176, '+54 (800) 822-6029', 'Ryann', 'Jee', 'rjee39@irs.gov');
insert into osoba (osoba_id, osoba_typ_id, adresa_id, cislo, jmeno, prijmeni, email) values (119, 2, 324, '+225 (393) 456-3305', 'Alejandra', 'Farnham', 'afarnham3a@smugmug.com');
insert into osoba (osoba_id, osoba_typ_id, adresa_id, cislo, jmeno, prijmeni, email) values (120, 2, 134, '+86 (869) 615-9505', 'Anastasie', 'Hoolaghan', 'ahoolaghan3b@ca.gov');
insert into osoba (osoba_id, osoba_typ_id, adresa_id, cislo, jmeno, prijmeni, email) values (121, 2, 189, '+55 (192) 893-9878', 'Moria', 'Fretson', 'mfretson3c@blogtalkradio.com');
insert into osoba (osoba_id, osoba_typ_id, adresa_id, cislo, jmeno, prijmeni, email) values (122, 2, 272, '+63 (719) 216-4752', 'Kylen', 'Kilmary', 'kkilmary3d@home.pl');
insert into osoba (osoba_id, osoba_typ_id, adresa_id, cislo, jmeno, prijmeni, email) values (123, 2, 246, '+856 (106) 992-8569', 'Trudey', 'Calderwood', 'tcalderwood3e@amazon.co.uk');
insert into osoba (osoba_id, osoba_typ_id, adresa_id, cislo, jmeno, prijmeni, email) values (124, 2, 334, '+54 (158) 991-0273', 'Cherilyn', 'Averall', 'caverall3f@aboutads.info');
insert into osoba (osoba_id, osoba_typ_id, adresa_id, cislo, jmeno, prijmeni, email) values (125, 2, 212, '+33 (130) 825-6564', 'Berkie', 'Bangley', 'bbangley3g@blog.com');
insert into osoba (osoba_id, osoba_typ_id, adresa_id, cislo, jmeno, prijmeni, email) values (126, 2, 233, '+86 (187) 499-7456', 'Becki', 'Golston', 'bgolston3h@goo.ne.jp');
insert into osoba (osoba_id, osoba_typ_id, adresa_id, cislo, jmeno, prijmeni, email) values (127, 2, 321, '+370 (400) 765-8663', 'Garrard', 'Daventry', 'gdaventry3i@histats.com');
insert into osoba (osoba_id, osoba_typ_id, adresa_id, cislo, jmeno, prijmeni, email) values (128, 2, 263, '+967 (483) 846-8263', 'Meg', 'Cancelier', 'mcancelier3j@prnewswire.com');
insert into osoba (osoba_id, osoba_typ_id, adresa_id, cislo, jmeno, prijmeni, email) values (129, 2, 184, '+86 (375) 422-1504', 'Rozele', 'Korf', 'rkorf3k@google.es');
insert into osoba (osoba_id, osoba_typ_id, adresa_id, cislo, jmeno, prijmeni, email) values (130, 2, 310, '+86 (338) 679-0311', 'Gypsy', 'Pyson', 'gpyson3l@google.com.au');
insert into osoba (osoba_id, osoba_typ_id, adresa_id, cislo, jmeno, prijmeni, email) values (131, 2, 223, '+86 (758) 124-2632', 'Thekla', 'Strettell', 'tstrettell3m@sbwire.com');
insert into osoba (osoba_id, osoba_typ_id, adresa_id, cislo, jmeno, prijmeni, email) values (132, 2, 268, '+63 (267) 365-2934', 'Randene', 'Myatt', 'rmyatt3n@g.co');
insert into osoba (osoba_id, osoba_typ_id, adresa_id, cislo, jmeno, prijmeni, email) values (133, 2, 341, '+86 (326) 167-5619', 'Moselle', 'Benazet', 'mbenazet3o@si.edu');
insert into osoba (osoba_id, osoba_typ_id, adresa_id, cislo, jmeno, prijmeni, email) values (134, 2, 343, '+62 (447) 370-5096', 'Antonia', 'Goning', 'agoning3p@cyberchimps.com');
insert into osoba (osoba_id, osoba_typ_id, adresa_id, cislo, jmeno, prijmeni, email) values (135, 2, 354, '+55 (100) 803-9324', 'Fritz', 'Kamall', 'fkamall3q@dyndns.org');
insert into osoba (osoba_id, osoba_typ_id, adresa_id, cislo, jmeno, prijmeni, email) values (136, 2, 326, '+86 (366) 286-5732', 'Jasun', 'Mattusevich', 'jmattusevich3r@last.fm');
insert into osoba (osoba_id, osoba_typ_id, adresa_id, cislo, jmeno, prijmeni, email) values (137, 2, 343, '+7 (831) 757-7208', 'Eldin', 'Short', 'eshort3s@is.gd');
insert into osoba (osoba_id, osoba_typ_id, adresa_id, cislo, jmeno, prijmeni, email) values (138, 2, 366, '+62 (250) 339-3075', 'Elberta', 'Signori', 'esignori3t@bing.com');
insert into osoba (osoba_id, osoba_typ_id, adresa_id, cislo, jmeno, prijmeni, email) values (139, 2, 363, '+230 (731) 234-2901', 'Arda', 'Vlies', 'avlies3u@nsw.gov.au');
insert into osoba (osoba_id, osoba_typ_id, adresa_id, cislo, jmeno, prijmeni, email) values (140, 2, 171, '+86 (207) 140-5928', 'Curtice', 'Thomsen', 'cthomsen3v@aboutads.info');
insert into osoba (osoba_id, osoba_typ_id, adresa_id, cislo, jmeno, prijmeni, email) values (141, 2, 356, '+7 (668) 162-2698', 'Robinia', 'Gouldbourn', 'rgouldbourn3w@wp.com');
insert into osoba (osoba_id, osoba_typ_id, adresa_id, cislo, jmeno, prijmeni, email) values (142, 2, 169, '+420 (235) 655-6747', 'Jeanette', 'Crottagh', 'jcrottagh3x@mlb.com');
insert into osoba (osoba_id, osoba_typ_id, adresa_id, cislo, jmeno, prijmeni, email) values (143, 2, 236, '+46 (842) 302-8167', 'Nessi', 'Houliston', 'nhouliston3y@geocities.com');
insert into osoba (osoba_id, osoba_typ_id, adresa_id, cislo, jmeno, prijmeni, email) values (144, 2, 277, '+62 (444) 500-1909', 'Ronnie', 'Lamar', 'rlamar3z@123-reg.co.uk');
insert into osoba (osoba_id, osoba_typ_id, adresa_id, cislo, jmeno, prijmeni, email) values (145, 2, 286, '+86 (102) 202-8702', 'Hillier', 'Pidgeley', 'hpidgeley40@slideshare.net');
insert into osoba (osoba_id, osoba_typ_id, adresa_id, cislo, jmeno, prijmeni, email) values (146, 2, 164, '+7 (839) 347-3475', 'Sheff', 'Attryde', 'sattryde41@opera.com');
insert into osoba (osoba_id, osoba_typ_id, adresa_id, cislo, jmeno, prijmeni, email) values (147, 2, 182, '+86 (763) 143-5595', 'Darsie', 'Speechley', 'dspeechley42@cbc.ca');
insert into osoba (osoba_id, osoba_typ_id, adresa_id, cislo, jmeno, prijmeni, email) values (148, 2, 346, '+63 (641) 427-6684', 'Pris', 'Makinson', 'pmakinson43@mayoclinic.com');
insert into osoba (osoba_id, osoba_typ_id, adresa_id, cislo, jmeno, prijmeni, email) values (149, 2, 354, '+86 (592) 210-4927', 'Corliss', 'Beech', 'cbeech44@google.com');
insert into osoba (osoba_id, osoba_typ_id, adresa_id, cislo, jmeno, prijmeni, email) values (150, 2, 374, '+86 (884) 967-3246', 'Ginnie', 'Caen', 'gcaen45@vkontakte.ru');
insert into osoba (osoba_id, osoba_typ_id, adresa_id, cislo, jmeno, prijmeni, email) values (151, 2, 369, '+7 (108) 494-6313', 'Harald', 'Vischi', 'hvischi46@sphinn.com');


insert into osoba (osoba_id, osoba_typ_id, adresa_id, cislo, jmeno, prijmeni, email) values (152, 2, 186, '+86 (373) 803-0672', 'Mindy', 'Glamart', 'mglamart47@csmonitor.com');
insert into osoba (osoba_id, osoba_typ_id, adresa_id, cislo, jmeno, prijmeni, email) values (153, 2, 170, '+86 (312) 874-7709', 'Betty', 'Chomicki', 'bchomicki48@blog.com');
insert into osoba (osoba_id, osoba_typ_id, adresa_id, cislo, jmeno, prijmeni, email) values (154, 2, 284, '+86 (206) 399-1415', 'Ev', 'Roan', 'eroan49@nba.com');
insert into osoba (osoba_id, osoba_typ_id, adresa_id, cislo, jmeno, prijmeni, email) values (155, 2, 282, '+33 (731) 999-2414', 'Oriana', 'Eastgate', 'oeastgate4a@tamu.edu');
insert into osoba (osoba_id, osoba_typ_id, adresa_id, cislo, jmeno, prijmeni, email) values (156, 2, 342, '+86 (810) 826-9219', 'Wilow', 'Colvill', 'wcolvill4b@wunderground.com');
insert into osoba (osoba_id, osoba_typ_id, adresa_id, cislo, jmeno, prijmeni, email) values (157, 2, 191, '+7 (419) 800-5267', 'Gauthier', 'Haswall', 'ghaswall4c@bloglovin.com');
insert into osoba (osoba_id, osoba_typ_id, adresa_id, cislo, jmeno, prijmeni, email) values (158, 2, 291, '+86 (708) 838-4768', 'Luelle', 'Gadney', 'lgadney4d@gravatar.com');
insert into osoba (osoba_id, osoba_typ_id, adresa_id, cislo, jmeno, prijmeni, email) values (159, 2, 269, '+55 (486) 245-5104', 'Eran', 'Look', 'elook4e@de.vu');
insert into osoba (osoba_id, osoba_typ_id, adresa_id, cislo, jmeno, prijmeni, email) values (160, 2, 169, '+86 (939) 139-6966', 'Viviene', 'Burgan', 'vburgan4f@state.gov');
insert into osoba (osoba_id, osoba_typ_id, adresa_id, cislo, jmeno, prijmeni, email) values (161, 2, 348, '+86 (987) 276-3283', 'Cyrillus', 'Spatig', 'cspatig4g@redcross.org');
insert into osoba (osoba_id, osoba_typ_id, adresa_id, cislo, jmeno, prijmeni, email) values (162, 2, 342, '+1 (860) 355-3317', 'Rita', 'Kilgannon', 'rkilgannon4h@weibo.com');
insert into osoba (osoba_id, osoba_typ_id, adresa_id, cislo, jmeno, prijmeni, email) values (163, 2, 328, '+62 (666) 339-3013', 'Camala', 'Bhar', 'cbhar4i@cbsnews.com');
insert into osoba (osoba_id, osoba_typ_id, adresa_id, cislo, jmeno, prijmeni, email) values (164, 2, 309, '+86 (888) 240-7240', 'Clarisse', 'Cully', 'ccully4j@discuz.net');
insert into osoba (osoba_id, osoba_typ_id, adresa_id, cislo, jmeno, prijmeni, email) values (165, 2, 210, '+254 (533) 729-7108', 'Pete', 'Robinson', 'probinson4k@storify.com');
insert into osoba (osoba_id, osoba_typ_id, adresa_id, cislo, jmeno, prijmeni, email) values (166, 2, 290, '+62 (386) 285-7316', 'Akim', 'Pauleit', 'apauleit4l@bigcartel.com');
insert into osoba (osoba_id, osoba_typ_id, adresa_id, cislo, jmeno, prijmeni, email) values (167, 2, 267, '+977 (237) 798-9340', 'Mandi', 'Elener', 'melener4m@behance.net');
insert into osoba (osoba_id, osoba_typ_id, adresa_id, cislo, jmeno, prijmeni, email) values (168, 2, 207, '+7 (172) 503-8370', 'Rozalin', 'Stirtle', 'rstirtle4n@cafepress.com');
insert into osoba (osoba_id, osoba_typ_id, adresa_id, cislo, jmeno, prijmeni, email) values (169, 2, 277, '+63 (263) 277-0006', 'Caye', 'Buzzing', 'cbuzzing4o@princeton.edu');
insert into osoba (osoba_id, osoba_typ_id, adresa_id, cislo, jmeno, prijmeni, email) values (170, 2, 174, '+351 (641) 120-4480', 'Deny', 'Rhodef', 'drhodef4p@dion.ne.jp');
insert into osoba (osoba_id, osoba_typ_id, adresa_id, cislo, jmeno, prijmeni, email) values (171, 2, 185, '+86 (475) 950-5963', 'Elenore', 'Hurdle', 'ehurdle4q@behance.net');
insert into osoba (osoba_id, osoba_typ_id, adresa_id, cislo, jmeno, prijmeni, email) values (172, 2, 247, '+86 (163) 290-3474', 'Gabe', 'Scowcraft', 'gscowcraft4r@usda.gov');
insert into osoba (osoba_id, osoba_typ_id, adresa_id, cislo, jmeno, prijmeni, email) values (173, 2, 235, '+52 (380) 820-6685', 'Jordan', 'Clement', 'jclement4s@arizona.edu');
insert into osoba (osoba_id, osoba_typ_id, adresa_id, cislo, jmeno, prijmeni, email) values (174, 2, 248, '+963 (428) 540-3390', 'Anetta', 'Filmer', 'afilmer4t@noaa.gov');
insert into osoba (osoba_id, osoba_typ_id, adresa_id, cislo, jmeno, prijmeni, email) values (175, 2, 156, '+66 (184) 186-4254', 'Kacey', 'Semrad', 'ksemrad4u@addtoany.com');
insert into osoba (osoba_id, osoba_typ_id, adresa_id, cislo, jmeno, prijmeni, email) values (176, 2, 218, '+62 (955) 890-2582', 'Charlean', 'Pady', 'cpady4v@over-blog.com');
insert into osoba (osoba_id, osoba_typ_id, adresa_id, cislo, jmeno, prijmeni, email) values (177, 2, 261, '+46 (162) 465-0951', 'Mallory', 'Vousden', 'mvousden4w@livejournal.com');
insert into osoba (osoba_id, osoba_typ_id, adresa_id, cislo, jmeno, prijmeni, email) values (178, 2, 181, '+63 (902) 414-5981', 'Creigh', 'Barrett', 'cbarrett4x@mapy.cz');
insert into osoba (osoba_id, osoba_typ_id, adresa_id, cislo, jmeno, prijmeni, email) values (179, 2, 190, '+49 (517) 116-8196', 'Leona', 'Jameson', 'ljameson4y@npr.org');
insert into osoba (osoba_id, osoba_typ_id, adresa_id, cislo, jmeno, prijmeni, email) values (180, 2, 140, '+81 (555) 681-5272', 'Caressa', 'MacRitchie', 'cmacritchie4z@posterous.com');
insert into osoba (osoba_id, osoba_typ_id, adresa_id, cislo, jmeno, prijmeni, email) values (181, 2, 273, '+86 (666) 413-1197', 'Maiga', 'Josebury', 'mjosebury50@cam.ac.uk');
insert into osoba (osoba_id, osoba_typ_id, adresa_id, cislo, jmeno, prijmeni, email) values (182, 2, 209, '+33 (984) 326-3831', 'Bard', 'Fery', 'bfery51@soup.io');
insert into osoba (osoba_id, osoba_typ_id, adresa_id, cislo, jmeno, prijmeni, email) values (183, 2, 327, '+1 (352) 613-7564', 'Donall', 'Geddes', 'dgeddes52@spiegel.de');
insert into osoba (osoba_id, osoba_typ_id, adresa_id, cislo, jmeno, prijmeni, email) values (184, 2, 368, '+7 (387) 615-0807', 'Duffie', 'Biasi', 'dbiasi53@nps.gov');
insert into osoba (osoba_id, osoba_typ_id, adresa_id, cislo, jmeno, prijmeni, email) values (185, 2, 358, '+47 (959) 614-5816', 'Sigrid', 'Tommis', 'stommis54@cnet.com');
insert into osoba (osoba_id, osoba_typ_id, adresa_id, cislo, jmeno, prijmeni, email) values (186, 2, 345, '+63 (795) 105-9149', 'Aurie', 'Pflieger', 'apflieger55@wired.com');
insert into osoba (osoba_id, osoba_typ_id, adresa_id, cislo, jmeno, prijmeni, email) values (187, 2, 304, '+1 (890) 950-7788', 'Kaye', 'Tinto', 'ktinto56@so-net.ne.jp');
insert into osoba (osoba_id, osoba_typ_id, adresa_id, cislo, jmeno, prijmeni, email) values (188, 2, 203, '+93 (867) 274-1276', 'Giordano', 'Ferrers', 'gferrers57@answers.com');
insert into osoba (osoba_id, osoba_typ_id, adresa_id, cislo, jmeno, prijmeni, email) values (189, 2, 329, '+51 (165) 201-6603', 'Eden', 'Postins', 'epostins58@qq.com');
insert into osoba (osoba_id, osoba_typ_id, adresa_id, cislo, jmeno, prijmeni, email) values (190, 2, 280, '+86 (327) 345-9890', 'Jeremie', 'Mowson', 'jmowson59@sogou.com');
insert into osoba (osoba_id, osoba_typ_id, adresa_id, cislo, jmeno, prijmeni, email) values (191, 2, 335, '+63 (831) 304-6200', 'Biddy', 'Vaudre', 'bvaudre5a@ucoz.ru');
insert into osoba (osoba_id, osoba_typ_id, adresa_id, cislo, jmeno, prijmeni, email) values (192, 2, 222, '+46 (401) 564-0877', 'Lindon', 'Squibbes', 'lsquibbes5b@soup.io');
insert into osoba (osoba_id, osoba_typ_id, adresa_id, cislo, jmeno, prijmeni, email) values (193, 2, 354, '+52 (784) 850-4943', 'Nahum', 'Carress', 'ncarress5c@gnu.org');
insert into osoba (osoba_id, osoba_typ_id, adresa_id, cislo, jmeno, prijmeni, email) values (194, 2, 174, '+48 (331) 352-6469', 'Sebastiano', 'Nolin', 'snolin5d@ebay.co.uk');
insert into osoba (osoba_id, osoba_typ_id, adresa_id, cislo, jmeno, prijmeni, email) values (195, 2, 276, '+381 (857) 438-5947', 'Brunhilde', 'Testo', 'btesto5e@arizona.edu');
insert into osoba (osoba_id, osoba_typ_id, adresa_id, cislo, jmeno, prijmeni, email) values (196, 2, 193, '+46 (347) 682-1625', 'Elayne', 'Isham', 'eisham5f@shinystat.com');
insert into osoba (osoba_id, osoba_typ_id, adresa_id, cislo, jmeno, prijmeni, email) values (197, 2, 333, '+220 (889) 230-1872', 'Ethelda', 'Handslip', 'ehandslip5g@usda.gov');
insert into osoba (osoba_id, osoba_typ_id, adresa_id, cislo, jmeno, prijmeni, email) values (198, 2, 135, '+7 (396) 993-7788', 'Muffin', 'Kenwell', 'mkenwell5h@cbc.ca');
insert into osoba (osoba_id, osoba_typ_id, adresa_id, cislo, jmeno, prijmeni, email) values (199, 2, 177, '+351 (980) 137-8450', 'Kary', 'Sustin', 'ksustin5i@4shared.com');
insert into osoba (osoba_id, osoba_typ_id, adresa_id, cislo, jmeno, prijmeni, email) values (200, 2, 362, '+351 (509) 650-7253', 'Eduardo', 'Renney', 'erenney5j@admin.ch');
insert into osoba (osoba_id, osoba_typ_id, adresa_id, cislo, jmeno, prijmeni, email) values (201, 2, 300, '+27 (619) 142-4628', 'Devy', 'McGaughie', 'dmcgaughie5k@google.de');
insert into osoba (osoba_id, osoba_typ_id, adresa_id, cislo, jmeno, prijmeni, email) values (202, 2, 171, '+46 (539) 761-0887', 'Sutherlan', 'Balcon', 'sbalcon5l@themeforest.net');
insert into osoba (osoba_id, osoba_typ_id, adresa_id, cislo, jmeno, prijmeni, email) values (203, 2, 367, '+46 (970) 648-7679', 'Brinna', 'Domnin', 'bdomnin5m@usatoday.com');
insert into osoba (osoba_id, osoba_typ_id, adresa_id, cislo, jmeno, prijmeni, email) values (204, 2, 176, '+598 (547) 194-3454', 'Flossy', 'Greedier', 'fgreedier5n@blogtalkradio.com');
insert into osoba (osoba_id, osoba_typ_id, adresa_id, cislo, jmeno, prijmeni, email) values (205, 2, 297, '+351 (914) 360-2818', 'Nowell', 'Van de Castele', 'nvandecastele5o@theglobeandmail.com');
insert into osoba (osoba_id, osoba_typ_id, adresa_id, cislo, jmeno, prijmeni, email) values (206, 2, 277, '+84 (733) 478-9737', 'Ardene', 'Filippucci', 'afilippucci5p@uiuc.edu');
insert into osoba (osoba_id, osoba_typ_id, adresa_id, cislo, jmeno, prijmeni, email) values (207, 2, 266, '+81 (643) 584-7852', 'Curry', 'Candelin', 'ccandelin5q@tripod.com');
insert into osoba (osoba_id, osoba_typ_id, adresa_id, cislo, jmeno, prijmeni, email) values (208, 2, 172, '+86 (482) 947-9926', 'Sonnnie', 'McInnes', 'smcinnes5r@un.org');
insert into osoba (osoba_id, osoba_typ_id, adresa_id, cislo, jmeno, prijmeni, email) values (209, 2, 270, '+86 (355) 771-9760', 'Corinna', 'O''Heagertie', 'coheagertie5s@whitehouse.gov');
insert into osoba (osoba_id, osoba_typ_id, adresa_id, cislo, jmeno, prijmeni, email) values (210, 2, 311, '+1 (567) 166-0026', 'Duffie', 'Casterot', 'dcasterot5t@marriott.com');
insert into osoba (osoba_id, osoba_typ_id, adresa_id, cislo, jmeno, prijmeni, email) values (211, 2, 147, '+86 (156) 465-5088', 'Zuzana', 'Becerra', 'zbecerra5u@soup.io');
insert into osoba (osoba_id, osoba_typ_id, adresa_id, cislo, jmeno, prijmeni, email) values (212, 2, 134, '+355 (857) 988-5254', 'Gertrudis', 'Garfoot', 'ggarfoot5v@goo.gl');
insert into osoba (osoba_id, osoba_typ_id, adresa_id, cislo, jmeno, prijmeni, email) values (213, 2, 306, '+55 (648) 297-6805', 'Red', 'Jammes', 'rjammes5w@smh.com.au');
insert into osoba (osoba_id, osoba_typ_id, adresa_id, cislo, jmeno, prijmeni, email) values (214, 2, 282, '+86 (967) 691-6632', 'Janel', 'Kenefick', 'jkenefick5x@earthlink.net');
insert into osoba (osoba_id, osoba_typ_id, adresa_id, cislo, jmeno, prijmeni, email) values (215, 2, 266, '+81 (814) 721-5940', 'Marisa', 'Jessopp', 'mjessopp5y@tinyurl.com');
insert into osoba (osoba_id, osoba_typ_id, adresa_id, cislo, jmeno, prijmeni, email) values (216, 2, 261, '+229 (312) 620-5745', 'Victoria', 'Stiddard', 'vstiddard5z@cmu.edu');
insert into osoba (osoba_id, osoba_typ_id, adresa_id, cislo, jmeno, prijmeni, email) values (217, 2, 233, '+86 (904) 950-6264', 'Sisely', 'Leverett', 'sleverett60@bluehost.com');
insert into osoba (osoba_id, osoba_typ_id, adresa_id, cislo, jmeno, prijmeni, email) values (218, 2, 170, '+880 (681) 277-3936', 'Bengt', 'Tommaseo', 'btommaseo61@nature.com');
insert into osoba (osoba_id, osoba_typ_id, adresa_id, cislo, jmeno, prijmeni, email) values (219, 2, 199, '+48 (767) 879-5467', 'Blayne', 'Bech', 'bbech62@ifeng.com');
insert into osoba (osoba_id, osoba_typ_id, adresa_id, cislo, jmeno, prijmeni, email) values (220, 2, 137, '+7 (574) 522-6631', 'Muffin', 'Buntin', 'mbuntin63@cloudflare.com');
insert into osoba (osoba_id, osoba_typ_id, adresa_id, cislo, jmeno, prijmeni, email) values (221, 2, 204, '+62 (578) 440-1033', 'Kare', 'Courtese', 'kcourtese64@symantec.com');
insert into osoba (osoba_id, osoba_typ_id, adresa_id, cislo, jmeno, prijmeni, email) values (222, 2, 339, '+31 (708) 119-0887', 'Wes', 'Pennetta', 'wpennetta65@yandex.ru');
insert into osoba (osoba_id, osoba_typ_id, adresa_id, cislo, jmeno, prijmeni, email) values (223, 2, 369, '+380 (306) 400-2696', 'Reggie', 'Parmer', 'rparmer66@stanford.edu');
insert into osoba (osoba_id, osoba_typ_id, adresa_id, cislo, jmeno, prijmeni, email) values (224, 2, 219, '+86 (634) 664-8828', 'Viola', 'Lemmers', 'vlemmers67@slideshare.net');
insert into osoba (osoba_id, osoba_typ_id, adresa_id, cislo, jmeno, prijmeni, email) values (225, 2, 247, '+86 (924) 385-2604', 'Robinett', 'Villaret', 'rvillaret68@homestead.com');
insert into osoba (osoba_id, osoba_typ_id, adresa_id, cislo, jmeno, prijmeni, email) values (226, 2, 204, '+86 (739) 662-8059', 'Branden', 'Robke', 'brobke69@redcross.org');
insert into osoba (osoba_id, osoba_typ_id, adresa_id, cislo, jmeno, prijmeni, email) values (227, 2, 339, '+30 (384) 472-2781', 'Alexandr', 'Kingescot', 'akingescot6a@skyrock.com');
insert into osoba (osoba_id, osoba_typ_id, adresa_id, cislo, jmeno, prijmeni, email) values (228, 2, 321, '+1 (617) 949-2478', 'Elliot', 'Mityushkin', 'emityushkin6b@ca.gov');
insert into osoba (osoba_id, osoba_typ_id, adresa_id, cislo, jmeno, prijmeni, email) values (229, 2, 221, '+63 (293) 247-8433', 'Vitoria', 'Battram', 'vbattram6c@ning.com');
insert into osoba (osoba_id, osoba_typ_id, adresa_id, cislo, jmeno, prijmeni, email) values (230, 2, 158, '+48 (568) 743-4340', 'Bob', 'Hillyatt', 'bhillyatt6d@businessweek.com');
insert into osoba (osoba_id, osoba_typ_id, adresa_id, cislo, jmeno, prijmeni, email) values (231, 2, 321, '+86 (693) 405-6691', 'Allegra', 'Evreux', 'aevreux6e@ihg.com');
insert into osoba (osoba_id, osoba_typ_id, adresa_id, cislo, jmeno, prijmeni, email) values (232, 2, 168, '+1 (502) 710-2200', 'Leah', 'Meredith', 'lmeredith6f@senate.gov');
insert into osoba (osoba_id, osoba_typ_id, adresa_id, cislo, jmeno, prijmeni, email) values (233, 2, 249, '+351 (431) 589-9642', 'Sharlene', 'Pert', 'spert6g@com.com');
insert into osoba (osoba_id, osoba_typ_id, adresa_id, cislo, jmeno, prijmeni, email) values (234, 2, 191, '+370 (380) 379-9621', 'Bertrando', 'Rummins', 'brummins6h@digg.com');
insert into osoba (osoba_id, osoba_typ_id, adresa_id, cislo, jmeno, prijmeni, email) values (235, 2, 245, '+57 (128) 762-3998', 'Steffen', 'Tacon', 'stacon6i@unesco.org');
insert into osoba (osoba_id, osoba_typ_id, adresa_id, cislo, jmeno, prijmeni, email) values (236, 2, 134, '+84 (728) 159-5848', 'Marcella', 'Russo', 'mrusso6j@godaddy.com');
insert into osoba (osoba_id, osoba_typ_id, adresa_id, cislo, jmeno, prijmeni, email) values (237, 2, 159, '+385 (526) 608-4593', 'Kiah', 'Thirwell', 'kthirwell6k@newyorker.com');
insert into osoba (osoba_id, osoba_typ_id, adresa_id, cislo, jmeno, prijmeni, email) values (238, 2, 183, '+86 (280) 370-3729', 'Gnni', 'Laherty', 'glaherty6l@alibaba.com');
insert into osoba (osoba_id, osoba_typ_id, adresa_id, cislo, jmeno, prijmeni, email) values (239, 2, 354, '+55 (359) 481-2348', 'Gerick', 'Ruthven', 'gruthven6m@va.gov');
insert into osoba (osoba_id, osoba_typ_id, adresa_id, cislo, jmeno, prijmeni, email) values (240, 2, 313, '+62 (244) 256-5707', 'Midge', 'Hews', 'mhews6n@weather.com');
insert into osoba (osoba_id, osoba_typ_id, adresa_id, cislo, jmeno, prijmeni, email) values (241, 2, 359, '+46 (117) 672-5080', 'Cornie', 'Shout', 'cshout6o@paginegialle.it');
insert into osoba (osoba_id, osoba_typ_id, adresa_id, cislo, jmeno, prijmeni, email) values (242, 2, 374, '+33 (870) 945-3732', 'Wayne', 'Pimblott', 'wpimblott6p@boston.com');

select setval(pg_get_serial_sequence('osoba','osoba_id'),242);




--raketa typ tabulka

insert into raketa_typ (raketa_typ_id, nazev) values (1, 'tezka_nosna_raketa');
insert into raketa_typ (raketa_typ_id, nazev) values (2, 'lehka_nosna_raketa');


select setval(pg_get_serial_sequence('raketa_typ','raketa_typ_id'),2);

--tabulka raketa

insert into raketa (raketa_id, raketa_typ_id, nazev) values (1, 2, 'Tampflex');
insert into raketa (raketa_id, raketa_typ_id, nazev) values (2, 2, 'Treeflex');
insert into raketa (raketa_id, raketa_typ_id, nazev) values (3, 2, 'Sub-Ex');
insert into raketa (raketa_id, raketa_typ_id, nazev) values (4, 2, 'Fixflex');
insert into raketa (raketa_id, raketa_typ_id, nazev) values (5, 2, 'Y-find');
insert into raketa (raketa_id, raketa_typ_id, nazev) values (6, 2, 'Flowdesk');
insert into raketa (raketa_id, raketa_typ_id, nazev) values (7, 2, 'Quo Lux');
insert into raketa (raketa_id, raketa_typ_id, nazev) values (8, 2, 'Viva');
insert into raketa (raketa_id, raketa_typ_id, nazev) values (9, 2, 'Bamity');
insert into raketa (raketa_id, raketa_typ_id, nazev) values (10, 2, 'Matsoft');
insert into raketa (raketa_id, raketa_typ_id, nazev) values (11, 2, 'Zoolab');
insert into raketa (raketa_id, raketa_typ_id, nazev) values (12, 2, 'Asoka');
insert into raketa (raketa_id, raketa_typ_id, nazev) values (13, 2, 'Keylex');
insert into raketa (raketa_id, raketa_typ_id, nazev) values (14, 2, 'Biodex');
insert into raketa (raketa_id, raketa_typ_id, nazev) values (15, 2, 'Matsoft');
insert into raketa (raketa_id, raketa_typ_id, nazev) values (16, 2, 'Viva');
insert into raketa (raketa_id, raketa_typ_id, nazev) values (17, 2, 'Rank');
insert into raketa (raketa_id, raketa_typ_id, nazev) values (18, 2, 'Redhold');
insert into raketa (raketa_id, raketa_typ_id, nazev) values (19, 2, 'Lotlux');

insert into raketa (raketa_id, raketa_typ_id, nazev) values (20, 1, 'Pontiac');
insert into raketa (raketa_id, raketa_typ_id, nazev) values (21, 1, 'Mazda');
insert into raketa (raketa_id, raketa_typ_id, nazev) values (22, 1, 'GMC');
insert into raketa (raketa_id, raketa_typ_id, nazev) values (23, 1, 'Jeep');
insert into raketa (raketa_id, raketa_typ_id, nazev) values (24, 1, 'Chevrolet');
insert into raketa (raketa_id, raketa_typ_id, nazev) values (25, 1, 'GMC');
insert into raketa (raketa_id, raketa_typ_id, nazev) values (26, 1, 'Hummer');
insert into raketa (raketa_id, raketa_typ_id, nazev) values (27, 1, 'Mitsubishi');
insert into raketa (raketa_id, raketa_typ_id, nazev) values (28, 1, 'Mercury');
insert into raketa (raketa_id, raketa_typ_id, nazev) values (29, 1, 'Chevrolet');
insert into raketa (raketa_id, raketa_typ_id, nazev) values (30, 1, 'Rover');
insert into raketa (raketa_id, raketa_typ_id, nazev) values (31, 1, 'Acura');



select setval(pg_get_serial_sequence('raketa','raketa_id'),31);



--tabulka zamestnanec

insert into zamestnanec (osoba_id, pobocka_id, osobni_cislo, plat, pracovni_pozice, datum_nastupu) values (1, 1, 1, '30000', 'kuryr', '10/11/2067');
insert into zamestnanec (osoba_id, pobocka_id, osobni_cislo, plat, pracovni_pozice, datum_nastupu) values (2, 9, 2, '25000', 'asistent pobocky', '2/24/2068');
insert into zamestnanec (osoba_id, pobocka_id, osobni_cislo, plat, pracovni_pozice, datum_nastupu) values (3, 4, 3, '30000', 'kuryr', '5/20/2067');
insert into zamestnanec (osoba_id, pobocka_id, osobni_cislo, plat, pracovni_pozice, datum_nastupu) values (4, 2, 4, '33000', 'asistent pobocky', '11/13/2067');
insert into zamestnanec (osoba_id, pobocka_id, osobni_cislo, plat, pracovni_pozice, datum_nastupu) values (5, 8, 5, '30000', 'kuryr', '3/11/2068');
insert into zamestnanec (osoba_id, pobocka_id, osobni_cislo, plat, pracovni_pozice, datum_nastupu) values (6, 16, 6, '25000', 'asistent pobocky', '6/14/2067');
insert into zamestnanec (osoba_id, pobocka_id, osobni_cislo, plat, pracovni_pozice, datum_nastupu) values (7, 17, 7, '25000', 'kuryr', '6/11/2067');
insert into zamestnanec (osoba_id, pobocka_id, osobni_cislo, plat, pracovni_pozice, datum_nastupu) values (8, 16, 8, '25000', 'asistent pobocky', '3/4/2068');
insert into zamestnanec (osoba_id, pobocka_id, osobni_cislo, plat, pracovni_pozice, datum_nastupu) values (9, 9, 9, '22000', 'kuryr', '7/12/2067');
insert into zamestnanec (osoba_id, pobocka_id, osobni_cislo, plat, pracovni_pozice, datum_nastupu) values (10, 3, 10, '28000', 'asistent pobocky', '3/22/2068');
insert into zamestnanec (osoba_id, pobocka_id, osobni_cislo, plat, pracovni_pozice, datum_nastupu) values (11, 6, 11, '30000', 'kuryr', '2/25/2068');
insert into zamestnanec (osoba_id, pobocka_id, osobni_cislo, plat, pracovni_pozice, datum_nastupu) values (12, 4, 12, '30000', 'asistent pobocky', '11/16/2067');
insert into zamestnanec (osoba_id, pobocka_id, osobni_cislo, plat, pracovni_pozice, datum_nastupu) values (13, 6, 13, '33000', 'kuryr', '4/28/2068');
insert into zamestnanec (osoba_id, pobocka_id, osobni_cislo, plat, pracovni_pozice, datum_nastupu) values (14, 7, 14, '33000', 'asistent pobocky', '5/26/2067');
insert into zamestnanec (osoba_id, pobocka_id, osobni_cislo, plat, pracovni_pozice, datum_nastupu) values (15, 10, 15, '33000', 'kuryr', '5/1/2068');
insert into zamestnanec (osoba_id, pobocka_id, osobni_cislo, plat, pracovni_pozice, datum_nastupu) values (16, 15, 16, '28000', 'asistent pobocky', '1/26/2068');
insert into zamestnanec (osoba_id, pobocka_id, osobni_cislo, plat, pracovni_pozice, datum_nastupu) values (17, 4, 17, '25000', 'kuryr', '12/19/2067');
insert into zamestnanec (osoba_id, pobocka_id, osobni_cislo, plat, pracovni_pozice, datum_nastupu) values (18, 6, 18, '22000', 'asistent pobocky', '4/8/2068');
insert into zamestnanec (osoba_id, pobocka_id, osobni_cislo, plat, pracovni_pozice, datum_nastupu) values (19, 8, 19, '28000', 'kuryr', '2/4/2068');
insert into zamestnanec (osoba_id, pobocka_id, osobni_cislo, plat, pracovni_pozice, datum_nastupu) values (20, 11, 20, '30000', 'asistent pobocky', '7/11/2067');
insert into zamestnanec (osoba_id, pobocka_id, osobni_cislo, plat, pracovni_pozice, datum_nastupu) values (21, 14, 21, '22000', 'kuryr', '2/24/2068');
insert into zamestnanec (osoba_id, pobocka_id, osobni_cislo, plat, pracovni_pozice, datum_nastupu) values (22, 13, 22, '30000', 'asistent pobocky', '1/31/2068');
insert into zamestnanec (osoba_id, pobocka_id, osobni_cislo, plat, pracovni_pozice, datum_nastupu) values (23, 10, 23, '22000', 'kuryr', '2/19/2068');
insert into zamestnanec (osoba_id, pobocka_id, osobni_cislo, plat, pracovni_pozice, datum_nastupu) values (24, 4, 24, '33000', 'asistent pobocky', '10/27/2067');
insert into zamestnanec (osoba_id, pobocka_id, osobni_cislo, plat, pracovni_pozice, datum_nastupu) values (25, 13, 25, '33000', 'kuryr', '3/6/2068');
insert into zamestnanec (osoba_id, pobocka_id, osobni_cislo, plat, pracovni_pozice, datum_nastupu) values (26, 12, 26, '30000', 'asistent pobocky', '9/19/2067');
insert into zamestnanec (osoba_id, pobocka_id, osobni_cislo, plat, pracovni_pozice, datum_nastupu) values (27, 8, 27, '22000', 'kuryr', '6/15/2067');
insert into zamestnanec (osoba_id, pobocka_id, osobni_cislo, plat, pracovni_pozice, datum_nastupu) values (28, 2, 28, '22000', 'asistent pobocky', '9/12/2067');
insert into zamestnanec (osoba_id, pobocka_id, osobni_cislo, plat, pracovni_pozice, datum_nastupu) values (29, 5, 29, '25000', 'kuryr', '1/23/2068');
insert into zamestnanec (osoba_id, pobocka_id, osobni_cislo, plat, pracovni_pozice, datum_nastupu) values (30, 11, 30, '28000', 'asistent pobocky', '3/12/2068');
insert into zamestnanec (osoba_id, pobocka_id, osobni_cislo, plat, pracovni_pozice, datum_nastupu) values (31, 17, 31, '30000', 'kuryr', '7/26/2067');
insert into zamestnanec (osoba_id, pobocka_id, osobni_cislo, plat, pracovni_pozice, datum_nastupu) values (32, 11, 32, '33000', 'asistent pobocky', '9/28/2067');
insert into zamestnanec (osoba_id, pobocka_id, osobni_cislo, plat, pracovni_pozice, datum_nastupu) values (33, 11, 33, '22000', 'kuryr', '5/13/2067');
insert into zamestnanec (osoba_id, pobocka_id, osobni_cislo, plat, pracovni_pozice, datum_nastupu) values (34, 17, 34, '33000', 'asistent pobocky', '7/22/2067');
insert into zamestnanec (osoba_id, pobocka_id, osobni_cislo, plat, pracovni_pozice, datum_nastupu) values (35, 2, 35, '22000', 'kuryr', '6/18/2067');
insert into zamestnanec (osoba_id, pobocka_id, osobni_cislo, plat, pracovni_pozice, datum_nastupu) values (36, 6, 36, '28000', 'asistent pobocky', '6/7/2067');
insert into zamestnanec (osoba_id, pobocka_id, osobni_cislo, plat, pracovni_pozice, datum_nastupu) values (37, 4, 37, '22000', 'kuryr', '9/11/2067');
insert into zamestnanec (osoba_id, pobocka_id, osobni_cislo, plat, pracovni_pozice, datum_nastupu) values (38, 6, 38, '33000', 'asistent pobocky', '5/12/2067');
insert into zamestnanec (osoba_id, pobocka_id, osobni_cislo, plat, pracovni_pozice, datum_nastupu) values (39, 6, 39, '25000', 'kuryr', '4/7/2068');
insert into zamestnanec (osoba_id, pobocka_id, osobni_cislo, plat, pracovni_pozice, datum_nastupu) values (40, 7, 40, '25000', 'asistent pobocky', '4/20/2068');
insert into zamestnanec (osoba_id, pobocka_id, osobni_cislo, plat, pracovni_pozice, datum_nastupu) values (41, 11, 41, '33000', 'kuryr', '1/31/2068');
insert into zamestnanec (osoba_id, pobocka_id, osobni_cislo, plat, pracovni_pozice, datum_nastupu) values (42, 3, 42, '22000', 'asistent pobocky', '12/26/2067');
insert into zamestnanec (osoba_id, pobocka_id, osobni_cislo, plat, pracovni_pozice, datum_nastupu) values (43, 8, 43, '30000', 'kuryr', '12/31/2067');
insert into zamestnanec (osoba_id, pobocka_id, osobni_cislo, plat, pracovni_pozice, datum_nastupu) values (44, 12, 44, '33000', 'asistent pobocky', '1/15/2068');
insert into zamestnanec (osoba_id, pobocka_id, osobni_cislo, plat, pracovni_pozice, datum_nastupu) values (45, 14, 45, '33000', 'kuryr', '1/18/2068');
insert into zamestnanec (osoba_id, pobocka_id, osobni_cislo, plat, pracovni_pozice, datum_nastupu) values (46, 1, 46, '22000', 'asistent pobocky', '8/10/2067');
insert into zamestnanec (osoba_id, pobocka_id, osobni_cislo, plat, pracovni_pozice, datum_nastupu) values (47, 7, 47, '22000', 'kuryr', '8/15/2067');
insert into zamestnanec (osoba_id, pobocka_id, osobni_cislo, plat, pracovni_pozice, datum_nastupu) values (48, 15, 48, '25000', 'asistent pobocky', '6/22/2067');
insert into zamestnanec (osoba_id, pobocka_id, osobni_cislo, plat, pracovni_pozice, datum_nastupu) values (49, 4, 49, '33000', 'kuryr', '10/15/2067');
insert into zamestnanec (osoba_id, pobocka_id, osobni_cislo, plat, pracovni_pozice, datum_nastupu) values (50, 12, 50, '25000', 'asistent pobocky', '11/24/2067');
insert into zamestnanec (osoba_id, pobocka_id, osobni_cislo, plat, pracovni_pozice, datum_nastupu) values (51, 9, 51, '33000', 'kuryr', '3/17/2068');
insert into zamestnanec (osoba_id, pobocka_id, osobni_cislo, plat, pracovni_pozice, datum_nastupu) values (52, 17, 52, '28000', 'asistent pobocky', '8/28/2067');
insert into zamestnanec (osoba_id, pobocka_id, osobni_cislo, plat, pracovni_pozice, datum_nastupu) values (53, 11, 53, '22000', 'kuryr', '2/7/2068');
insert into zamestnanec (osoba_id, pobocka_id, osobni_cislo, plat, pracovni_pozice, datum_nastupu) values (54, 5, 54, '25000', 'asistent pobocky', '1/18/2068');
insert into zamestnanec (osoba_id, pobocka_id, osobni_cislo, plat, pracovni_pozice, datum_nastupu) values (55, 3, 55, '25000', 'kuryr', '6/24/2067');
insert into zamestnanec (osoba_id, pobocka_id, osobni_cislo, plat, pracovni_pozice, datum_nastupu) values (56, 17, 56, '22000', 'asistent pobocky', '5/21/2067');
insert into zamestnanec (osoba_id, pobocka_id, osobni_cislo, plat, pracovni_pozice, datum_nastupu) values (57, 5, 57, '28000', 'kuryr', '11/3/2067');
insert into zamestnanec (osoba_id, pobocka_id, osobni_cislo, plat, pracovni_pozice, datum_nastupu) values (58, 10, 58, '22000', 'asistent pobocky', '6/24/2067');
insert into zamestnanec (osoba_id, pobocka_id, osobni_cislo, plat, pracovni_pozice, datum_nastupu) values (59, 8, 59, '30000', 'kuryr', '4/10/2068');
insert into zamestnanec (osoba_id, pobocka_id, osobni_cislo, plat, pracovni_pozice, datum_nastupu) values (60, 5, 60, '28000', 'asistent pobocky', '7/9/2067');
insert into zamestnanec (osoba_id, pobocka_id, osobni_cislo, plat, pracovni_pozice, datum_nastupu) values (61, 10, 61, '22000', 'kuryr', '3/29/2068');
insert into zamestnanec (osoba_id, pobocka_id, osobni_cislo, plat, pracovni_pozice, datum_nastupu) values (62, 11, 62, '25000', 'asistent pobocky', '12/20/2067');




--tabulka zasilka typ 

insert into zasilka_typ (zasilka_typ_id, nazev) values (1, 'firemni_zasilky');
insert into zasilka_typ (zasilka_typ_id, nazev) values (2, 'osobni_zasilky');

select setval(pg_get_serial_sequence('zasilka_typ','zasilka_typ_id'),2);

--tabulka zasilka

insert into zasilka (zasilka_id, zasilka_typ_id, prijemce_id, odesilatel_id, zamestnanec_id, pobocka_id, raketa_id, datum_doruceni, datum_odesilani, hmotnost, popis) values (1, 1, 100, 63, 61, 1, 1, '7/6/2071', '4/30/2070', '29943', 'Donec diam neque, vestibulum eget, vulputate ut, ultrices vel, augue.');
insert into zasilka (zasilka_id, zasilka_typ_id, prijemce_id, odesilatel_id, zamestnanec_id, pobocka_id, raketa_id, datum_doruceni, datum_odesilani, hmotnost, popis) values (2, 1, 63, 215, 59, 2, 2, '7/16/2071', '10/18/2068', '17752', 'Aenean fermentum.');
insert into zasilka (zasilka_id, zasilka_typ_id, prijemce_id, odesilatel_id, zamestnanec_id, pobocka_id, raketa_id, datum_doruceni, datum_odesilani, hmotnost, popis) values (3, 1, 93, 63, 57, 3, 3, '5/27/2071', '12/10/2067', '13043', 'Duis at velit eu est congue elementum.');
insert into zasilka (zasilka_id, zasilka_typ_id, prijemce_id, odesilatel_id, zamestnanec_id, pobocka_id, raketa_id, datum_doruceni, datum_odesilani, hmotnost, popis) values (4, 1, 125, 225, 55, 4, 4, '2/12/2072', '4/30/2070', '11482', 'Cum sociis natoque penatibus et magnis dis parturient montes, nascetur ridiculus mus.');
insert into zasilka (zasilka_id, zasilka_typ_id, prijemce_id, odesilatel_id, zamestnanec_id, pobocka_id, raketa_id, datum_doruceni, datum_odesilani, hmotnost, popis) values (5, 1, 93, 207, 53, 5, 5, '5/23/2071', '6/29/2068', '23328', 'Proin risus.');
insert into zasilka (zasilka_id, zasilka_typ_id, prijemce_id, odesilatel_id, zamestnanec_id, pobocka_id, raketa_id, datum_doruceni, datum_odesilani, hmotnost, popis) values (6, 1, 70, 63, 51, 6, 6, '6/11/2071', '10/18/2068', '16694', 'Pellentesque at nulla.');
insert into zasilka (zasilka_id, zasilka_typ_id, prijemce_id, odesilatel_id, zamestnanec_id, pobocka_id, raketa_id, datum_doruceni, datum_odesilani, hmotnost, popis) values (7, 1, 146, 205, 49, 7, 7, '1/26/2072', '3/28/2069', '23444', 'Nunc rhoncus dui vel sem.');
insert into zasilka (zasilka_id, zasilka_typ_id, prijemce_id, odesilatel_id, zamestnanec_id, pobocka_id, raketa_id, datum_doruceni, datum_odesilani, hmotnost, popis) values (8, 1, 106, 187, 47, 17, 8, '12/6/2071', '3/6/2069', '29455', 'In hac habitasse platea dictumst.');
insert into zasilka (zasilka_id, zasilka_typ_id, prijemce_id, odesilatel_id, zamestnanec_id, pobocka_id, raketa_id, datum_doruceni, datum_odesilani, hmotnost, popis) values (9, 1, 85, 165, 45, 9, 9, '9/26/2071', '4/30/2070', '13093', 'Nullam porttitor lacus at turpis.');
insert into zasilka (zasilka_id, zasilka_typ_id, prijemce_id, odesilatel_id, zamestnanec_id, pobocka_id, raketa_id, datum_doruceni, datum_odesilani, hmotnost, popis) values (10, 1, 135, 63, 43, 10, 10, '4/28/2072', '4/26/2068', '23776', 'Donec semper sapien a libero.');
insert into zasilka (zasilka_id, zasilka_typ_id, prijemce_id, odesilatel_id, zamestnanec_id, pobocka_id, raketa_id, datum_doruceni, datum_odesilani, hmotnost, popis) values (11, 1, 113, 200, 41, 11, 11, '3/10/2072', '2/7/2068', '12114', 'Vestibulum ante ipsum primis in faucibus orci luctus et ultrices posuere cubilia Curae; Duis faucibus accumsan odio.');
insert into zasilka (zasilka_id, zasilka_typ_id, prijemce_id, odesilatel_id, zamestnanec_id, pobocka_id, raketa_id, datum_doruceni, datum_odesilani, hmotnost, popis) values (12, 1, 84, 177, 39, 12, 12, '11/10/2071', '7/23/2068', '10431', 'Mauris ullamcorper purus sit amet nulla.');
insert into zasilka (zasilka_id, zasilka_typ_id, prijemce_id, odesilatel_id, zamestnanec_id, pobocka_id, raketa_id, datum_doruceni, datum_odesilani, hmotnost, popis) values (13, 1, 138, 63, 37, 13, 13, '2/12/2072', '4/20/2069', '12505', 'Quisque ut erat.');
insert into zasilka (zasilka_id, zasilka_typ_id, prijemce_id, odesilatel_id, zamestnanec_id, pobocka_id, raketa_id, datum_doruceni, datum_odesilani, hmotnost, popis) values (14, 1, 112, 167, 35, 14, 14, '9/11/2071', '9/6/2068', '23212', 'Sed accumsan felis.');
insert into zasilka (zasilka_id, zasilka_typ_id, prijemce_id, odesilatel_id, zamestnanec_id, pobocka_id, raketa_id, datum_doruceni, datum_odesilani, hmotnost, popis) values (15, 1, 113, 210, 33, 15, 15, '7/1/2071', '7/26/2067', '13711', 'Vestibulum sed magna at nunc commodo placerat.');
insert into zasilka (zasilka_id, zasilka_typ_id, prijemce_id, odesilatel_id, zamestnanec_id, pobocka_id, raketa_id, datum_doruceni, datum_odesilani, hmotnost, popis) values (16, 1, 151, 236, 31, 16, 16, '12/21/2071', '4/2/2069', '24412', 'Nullam sit amet turpis elementum ligula vehicula consequat.');
insert into zasilka (zasilka_id, zasilka_typ_id, prijemce_id, odesilatel_id, zamestnanec_id, pobocka_id, raketa_id, datum_doruceni, datum_odesilani, hmotnost, popis) values (17, 1, 79, 216, 29, 1, 17, '9/24/2071', '10/10/2068', '14678', 'Nulla nisl.');
insert into zasilka (zasilka_id, zasilka_typ_id, prijemce_id, odesilatel_id, zamestnanec_id, pobocka_id, raketa_id, datum_doruceni, datum_odesilani, hmotnost, popis) values (18, 1, 87, 63, 27, 2, 18, '7/16/2071', '9/8/2067', '17643', 'In hac habitasse platea dictumst.');
insert into zasilka (zasilka_id, zasilka_typ_id, prijemce_id, odesilatel_id, zamestnanec_id, pobocka_id, raketa_id, datum_doruceni, datum_odesilani, hmotnost, popis) values (19, 1, 63, 193, 25, 3, 19, '10/20/2071', '10/7/2067', '16260', 'Nam ultrices, libero non mattis pulvinar, nulla pede ullamcorper augue, a suscipit nulla elit ac nulla.');
insert into zasilka (zasilka_id, zasilka_typ_id, prijemce_id, odesilatel_id, zamestnanec_id, pobocka_id, raketa_id, datum_doruceni, datum_odesilani, hmotnost, popis) values (20, 1, 112, 170, 23, 4, 1, '10/1/2071', '9/7/2068', '28628', 'Nullam porttitor lacus at turpis.');
insert into zasilka (zasilka_id, zasilka_typ_id, prijemce_id, odesilatel_id, zamestnanec_id, pobocka_id, raketa_id, datum_doruceni, datum_odesilani, hmotnost, popis) values (21, 1, 149, 187, 21, 5, 2, '5/31/2071', '2/9/2068', '11628', 'Maecenas ut massa quis augue luctus tincidunt.');
insert into zasilka (zasilka_id, zasilka_typ_id, prijemce_id, odesilatel_id, zamestnanec_id, pobocka_id, raketa_id, datum_doruceni, datum_odesilani, hmotnost, popis) values (22, 1, 101, 168, 19, 6, 3, '8/11/2071', '10/22/2067', '20713', 'Sed accumsan felis.');
insert into zasilka (zasilka_id, zasilka_typ_id, prijemce_id, odesilatel_id, zamestnanec_id, pobocka_id, raketa_id, datum_doruceni, datum_odesilani, hmotnost, popis) values (23, 1, 91, 212, 17, 7, 4, '9/7/2071', '10/24/2067', '26909', 'Morbi vestibulum, velit id pretium iaculis, diam erat fermentum justo, nec condimentum neque sapien placerat ante.');
insert into zasilka (zasilka_id, zasilka_typ_id, prijemce_id, odesilatel_id, zamestnanec_id, pobocka_id, raketa_id, datum_doruceni, datum_odesilani, hmotnost, popis) values (24, 1, 64, 193, 15, 17, 5, '12/2/2071', '3/13/2068', '28418', 'Nam congue, risus semper porta volutpat, quam pede lobortis ligula, sit amet eleifend pede libero quis orci.');
insert into zasilka (zasilka_id, zasilka_typ_id, prijemce_id, odesilatel_id, zamestnanec_id, pobocka_id, raketa_id, datum_doruceni, datum_odesilani, hmotnost, popis) values (25, 1, 119, 194, 13, 9, 6, '7/28/2071', '3/9/2069', '21320', 'Suspendisse potenti.');
insert into zasilka (zasilka_id, zasilka_typ_id, prijemce_id, odesilatel_id, zamestnanec_id, pobocka_id, raketa_id, datum_doruceni, datum_odesilani, hmotnost, popis) values (26, 1, 151, 228, 11, 10, 7, '2/4/2072', '11/3/2067', '16047', 'In hac habitasse platea dictumst.');
insert into zasilka (zasilka_id, zasilka_typ_id, prijemce_id, odesilatel_id, zamestnanec_id, pobocka_id, raketa_id, datum_doruceni, datum_odesilani, hmotnost, popis) values (27, 1, 90, 152, 9, 11, 8, '12/1/2071', '6/21/2067', '13436', 'Vestibulum ante ipsum primis in faucibus orci luctus et ultrices posuere cubilia Curae; Mauris viverra diam vitae quam.');
insert into zasilka (zasilka_id, zasilka_typ_id, prijemce_id, odesilatel_id, zamestnanec_id, pobocka_id, raketa_id, datum_doruceni, datum_odesilani, hmotnost, popis) values (28, 1, 88, 223, 7, 12, 9, '3/4/2072', '11/29/2067', '28850', 'Nulla facilisi.');
insert into zasilka (zasilka_id, zasilka_typ_id, prijemce_id, odesilatel_id, zamestnanec_id, pobocka_id, raketa_id, datum_doruceni, datum_odesilani, hmotnost, popis) values (29, 1, 119, 175, 5, 13, 10, '1/11/2072', '10/31/2068', '14771', 'Mauris enim leo, rhoncus sed, vestibulum sit amet, cursus id, turpis.');
insert into zasilka (zasilka_id, zasilka_typ_id, prijemce_id, odesilatel_id, zamestnanec_id, pobocka_id, raketa_id, datum_doruceni, datum_odesilani, hmotnost, popis) values (30, 1, 72, 196, 3, 14, 11, '2/22/2072', '11/28/2067', '16141', 'In eleifend quam a odio.');
insert into zasilka (zasilka_id, zasilka_typ_id, prijemce_id, odesilatel_id, zamestnanec_id, pobocka_id, raketa_id, datum_doruceni, datum_odesilani, hmotnost, popis) values (31, 1, 72, 152, 1, 15, 12, '4/6/2072', '10/17/2068', '21813', 'Nam congue, risus semper porta volutpat, quam pede lobortis ligula, sit amet eleifend pede libero quis orci.');
insert into zasilka (zasilka_id, zasilka_typ_id, prijemce_id, odesilatel_id, zamestnanec_id, pobocka_id, raketa_id, datum_doruceni, datum_odesilani, hmotnost, popis) values (32, 1, 68, 194, 61, 16, 13, '2/12/2072', '3/6/2069', '19142', 'Quisque porta volutpat erat.');
insert into zasilka (zasilka_id, zasilka_typ_id, prijemce_id, odesilatel_id, zamestnanec_id, pobocka_id, raketa_id, datum_doruceni, datum_odesilani, hmotnost, popis) values (33, 1, 123, 63, 59, 1, 14, '5/21/2071', '1/11/2069', '20450', 'In tempor, turpis nec euismod scelerisque, quam turpis adipiscing lorem, vitae mattis nibh ligula nec sem.');
insert into zasilka (zasilka_id, zasilka_typ_id, prijemce_id, odesilatel_id, zamestnanec_id, pobocka_id, raketa_id, datum_doruceni, datum_odesilani, hmotnost, popis) values (34, 1, 117, 190, 57, 2, 15, '4/5/2072', '7/2/2068', '15394', 'Nam congue, risus semper porta volutpat, quam pede lobortis ligula, sit amet eleifend pede libero quis orci.');
insert into zasilka (zasilka_id, zasilka_typ_id, prijemce_id, odesilatel_id, zamestnanec_id, pobocka_id, raketa_id, datum_doruceni, datum_odesilani, hmotnost, popis) values (35, 1, 120, 218, 55, 3, 16, '10/21/2071', '3/23/2068', '28633', 'Lorem ipsum dolor sit amet, consectetuer adipiscing elit.');
insert into zasilka (zasilka_id, zasilka_typ_id, prijemce_id, odesilatel_id, zamestnanec_id, pobocka_id, raketa_id, datum_doruceni, datum_odesilani, hmotnost, popis) values (36, 1, 65, 217, 53, 4, 17, '1/16/2072', '10/27/2067', '21792', 'Maecenas pulvinar lobortis est.');
insert into zasilka (zasilka_id, zasilka_typ_id, prijemce_id, odesilatel_id, zamestnanec_id, pobocka_id, raketa_id, datum_doruceni, datum_odesilani, hmotnost, popis) values (37, 1, 84, 228, 51, 5, 18, '7/26/2071', '5/20/2068', '22342', 'Nulla mollis molestie lorem.');
insert into zasilka (zasilka_id, zasilka_typ_id, prijemce_id, odesilatel_id, zamestnanec_id, pobocka_id, raketa_id, datum_doruceni, datum_odesilani, hmotnost, popis) values (38, 1, 107, 182, 49, 6, 19, '2/25/2072', '10/18/2067', '13032', 'Integer a nibh.');
insert into zasilka (zasilka_id, zasilka_typ_id, prijemce_id, odesilatel_id, zamestnanec_id, pobocka_id, raketa_id, datum_doruceni, datum_odesilani, hmotnost, popis) values (39, 1, 80, 167, 47, 7, 1, '9/23/2071', '10/10/2067', '15662', 'Cras in purus eu magna vulputate luctus.');
insert into zasilka (zasilka_id, zasilka_typ_id, prijemce_id, odesilatel_id, zamestnanec_id, pobocka_id, raketa_id, datum_doruceni, datum_odesilani, hmotnost, popis) values (40, 1, 101, 215, 45, 17, 2, '10/30/2071', '7/21/2067', '26342', 'Quisque porta volutpat erat.');
insert into zasilka (zasilka_id, zasilka_typ_id, prijemce_id, odesilatel_id, zamestnanec_id, pobocka_id, raketa_id, datum_doruceni, datum_odesilani, hmotnost, popis) values (41, 1, 126, 168, 43, 9, 3, '3/17/2072', '1/21/2069', '28999', 'Duis ac nibh.');
insert into zasilka (zasilka_id, zasilka_typ_id, prijemce_id, odesilatel_id, zamestnanec_id, pobocka_id, raketa_id, datum_doruceni, datum_odesilani, hmotnost, popis) values (42, 1, 76, 208, 41, 10, 4, '9/19/2071', '1/7/2068', '27155', 'Donec quis orci eget orci vehicula condimentum.');
insert into zasilka (zasilka_id, zasilka_typ_id, prijemce_id, odesilatel_id, zamestnanec_id, pobocka_id, raketa_id, datum_doruceni, datum_odesilani, hmotnost, popis) values (43, 1, 120, 228, 39, 11, 5, '12/6/2071', '3/11/2068', '29415', 'Integer aliquet, massa id lobortis convallis, tortor risus dapibus augue, vel accumsan tellus nisi eu orci.');
insert into zasilka (zasilka_id, zasilka_typ_id, prijemce_id, odesilatel_id, zamestnanec_id, pobocka_id, raketa_id, datum_doruceni, datum_odesilani, hmotnost, popis) values (44, 1, 85, 233, 37, 12, 6, '2/6/2072', '2/28/2069', '22434', 'Nunc nisl.');
insert into zasilka (zasilka_id, zasilka_typ_id, prijemce_id, odesilatel_id, zamestnanec_id, pobocka_id, raketa_id, datum_doruceni, datum_odesilani, hmotnost, popis) values (45, 1, 95, 154, 35, 13, 7, '8/8/2071', '6/24/2068', '27265', 'Sed sagittis.');
insert into zasilka (zasilka_id, zasilka_typ_id, prijemce_id, odesilatel_id, zamestnanec_id, pobocka_id, raketa_id, datum_doruceni, datum_odesilani, hmotnost, popis) values (46, 1, 73, 202, 33, 14, 8, '11/5/2071', '8/2/2068', '26044', 'Proin interdum mauris non ligula pellentesque ultrices.');
insert into zasilka (zasilka_id, zasilka_typ_id, prijemce_id, odesilatel_id, zamestnanec_id, pobocka_id, raketa_id, datum_doruceni, datum_odesilani, hmotnost, popis) values (47, 1, 149, 63, 31, 15, 9, '9/18/2071', '10/9/2067', '11727', 'In congue.');
insert into zasilka (zasilka_id, zasilka_typ_id, prijemce_id, odesilatel_id, zamestnanec_id, pobocka_id, raketa_id, datum_doruceni, datum_odesilani, hmotnost, popis) values (48, 1, 94, 197, 29, 16, 10, '6/13/2071', '5/22/2067', '15648', 'Mauris lacinia sapien quis libero.');
insert into zasilka (zasilka_id, zasilka_typ_id, prijemce_id, odesilatel_id, zamestnanec_id, pobocka_id, raketa_id, datum_doruceni, datum_odesilani, hmotnost, popis) values (49, 1, 139, 200, 27, 1, 11, '8/26/2071', '2/9/2068', '20902', 'Donec ut dolor.');
insert into zasilka (zasilka_id, zasilka_typ_id, prijemce_id, odesilatel_id, zamestnanec_id, pobocka_id, raketa_id, datum_doruceni, datum_odesilani, hmotnost, popis) values (50, 1, 132, 220, 25, 2, 12, '9/14/2071', '5/26/2067', '29652', 'Integer ac neque.');
insert into zasilka (zasilka_id, zasilka_typ_id, prijemce_id, odesilatel_id, zamestnanec_id, pobocka_id, raketa_id, datum_doruceni, datum_odesilani, hmotnost, popis) values (51, 1, 73, 166, 23, 3, 13, '7/4/2071', '1/7/2068', '20807', 'Aenean auctor gravida sem.');
insert into zasilka (zasilka_id, zasilka_typ_id, prijemce_id, odesilatel_id, zamestnanec_id, pobocka_id, raketa_id, datum_doruceni, datum_odesilani, hmotnost, popis) values (52, 1, 142, 190, 21, 4, 14, '9/22/2071', '9/8/2067', '29961', 'Proin eu mi.');
insert into zasilka (zasilka_id, zasilka_typ_id, prijemce_id, odesilatel_id, zamestnanec_id, pobocka_id, raketa_id, datum_doruceni, datum_odesilani, hmotnost, popis) values (53, 1, 83, 209, 19, 5, 15, '7/7/2071', '1/20/2068', '21810', 'Maecenas ut massa quis augue luctus tincidunt.');
insert into zasilka (zasilka_id, zasilka_typ_id, prijemce_id, odesilatel_id, zamestnanec_id, pobocka_id, raketa_id, datum_doruceni, datum_odesilani, hmotnost, popis) values (54, 1, 69, 186, 17, 6, 16, '1/2/2072', '11/8/2068', '22280', 'Pellentesque ultrices mattis odio.');
insert into zasilka (zasilka_id, zasilka_typ_id, prijemce_id, odesilatel_id, zamestnanec_id, pobocka_id, raketa_id, datum_doruceni, datum_odesilani, hmotnost, popis) values (55, 1, 87, 162, 15, 7, 17, '11/4/2071', '3/20/2068', '24765', 'Suspendisse potenti.');
insert into zasilka (zasilka_id, zasilka_typ_id, prijemce_id, odesilatel_id, zamestnanec_id, pobocka_id, raketa_id, datum_doruceni, datum_odesilani, hmotnost, popis) values (56, 1, 76, 181, 13, 17, 18, '10/11/2071', '4/16/2069', '28166', 'Nam ultrices, libero non mattis pulvinar, nulla pede ullamcorper augue, a suscipit nulla elit ac nulla.');
insert into zasilka (zasilka_id, zasilka_typ_id, prijemce_id, odesilatel_id, zamestnanec_id, pobocka_id, raketa_id, datum_doruceni, datum_odesilani, hmotnost, popis) values (57, 1, 141, 167, 11, 9, 19, '5/27/2071', '11/25/2068', '19120', 'Praesent blandit.');
insert into zasilka (zasilka_id, zasilka_typ_id, prijemce_id, odesilatel_id, zamestnanec_id, pobocka_id, raketa_id, datum_doruceni, datum_odesilani, hmotnost, popis) values (58, 1, 71, 160, 9, 10, 1, '10/19/2071', '10/12/2068', '19992', 'Nam tristique tortor eu pede.');
insert into zasilka (zasilka_id, zasilka_typ_id, prijemce_id, odesilatel_id, zamestnanec_id, pobocka_id, raketa_id, datum_doruceni, datum_odesilani, hmotnost, popis) values (59, 1, 85, 237, 7, 11, 2, '6/19/2071', '3/26/2068', '28574', 'Nulla ut erat id mauris vulputate elementum.');
insert into zasilka (zasilka_id, zasilka_typ_id, prijemce_id, odesilatel_id, zamestnanec_id, pobocka_id, raketa_id, datum_doruceni, datum_odesilani, hmotnost, popis) values (60, 1, 129, 235, 5, 12, 3, '1/4/2072', '3/28/2068', '25913', 'Phasellus id sapien in sapien iaculis congue.');
insert into zasilka (zasilka_id, zasilka_typ_id, prijemce_id, odesilatel_id, zamestnanec_id, pobocka_id, raketa_id, datum_doruceni, datum_odesilani, hmotnost, popis) values (61, 1, 106, 168, 3, 13, 4, '11/15/2071', '9/16/2068', '23843', 'Nullam orci pede, venenatis non, sodales sed, tincidunt eu, felis.');
insert into zasilka (zasilka_id, zasilka_typ_id, prijemce_id, odesilatel_id, zamestnanec_id, pobocka_id, raketa_id, datum_doruceni, datum_odesilani, hmotnost, popis) values (62, 1, 132, 205, 1, 14, 5, '2/24/2072', '11/16/2067', '29441', 'Donec vitae nisi.');
insert into zasilka (zasilka_id, zasilka_typ_id, prijemce_id, odesilatel_id, zamestnanec_id, pobocka_id, raketa_id, datum_doruceni, datum_odesilani, hmotnost, popis) values (63, 1, 80, 209, 61, 15, 6, '12/11/2071', '8/18/2068', '28935', 'In hac habitasse platea dictumst.');
insert into zasilka (zasilka_id, zasilka_typ_id, prijemce_id, odesilatel_id, zamestnanec_id, pobocka_id, raketa_id, datum_doruceni, datum_odesilani, hmotnost, popis) values (64, 1, 124, 169, 59, 16, 7, '10/24/2071', '7/21/2068', '11872', 'Sed accumsan felis.');
insert into zasilka (zasilka_id, zasilka_typ_id, prijemce_id, odesilatel_id, zamestnanec_id, pobocka_id, raketa_id, datum_doruceni, datum_odesilani, hmotnost, popis) values (65, 1, 125, 177, 57, 1, 8, '1/16/2072', '7/25/2067', '29585', 'In tempor, turpis nec euismod scelerisque, quam turpis adipiscing lorem, vitae mattis nibh ligula nec sem.');
insert into zasilka (zasilka_id, zasilka_typ_id, prijemce_id, odesilatel_id, zamestnanec_id, pobocka_id, raketa_id, datum_doruceni, datum_odesilani, hmotnost, popis) values (66, 1, 118, 186, 55, 2, 9, '3/6/2072', '8/19/2068', '25050', 'Fusce consequat.');
insert into zasilka (zasilka_id, zasilka_typ_id, prijemce_id, odesilatel_id, zamestnanec_id, pobocka_id, raketa_id, datum_doruceni, datum_odesilani, hmotnost, popis) values (67, 1, 128, 180, 53, 3, 10, '10/15/2071', '2/29/2068', '15831', 'In quis justo.');
insert into zasilka (zasilka_id, zasilka_typ_id, prijemce_id, odesilatel_id, zamestnanec_id, pobocka_id, raketa_id, datum_doruceni, datum_odesilani, hmotnost, popis) values (68, 1, 63, 200, 51, 4, 11, '2/13/2072', '3/16/2069', '14233', 'In eleifend quam a odio.');
insert into zasilka (zasilka_id, zasilka_typ_id, prijemce_id, odesilatel_id, zamestnanec_id, pobocka_id, raketa_id, datum_doruceni, datum_odesilani, hmotnost, popis) values (69, 1, 132, 222, 49, 5, 12, '4/18/2072', '4/24/2069', '28425', 'Integer ac neque.');
insert into zasilka (zasilka_id, zasilka_typ_id, prijemce_id, odesilatel_id, zamestnanec_id, pobocka_id, raketa_id, datum_doruceni, datum_odesilani, hmotnost, popis) values (70, 1, 131, 161, 47, 6, 13, '6/12/2071', '1/29/2068', '27911', 'Sed sagittis.');
insert into zasilka (zasilka_id, zasilka_typ_id, prijemce_id, odesilatel_id, zamestnanec_id, pobocka_id, raketa_id, datum_doruceni, datum_odesilani, hmotnost, popis) values (71, 1, 118, 216, 45, 8, 1, '12/1/2071', '5/22/2068', '28696', 'Duis bibendum, felis sed interdum venenatis, turpis enim blandit mi, in porttitor pede justo eu massa.');
insert into zasilka (zasilka_id, zasilka_typ_id, prijemce_id, odesilatel_id, zamestnanec_id, pobocka_id, raketa_id, datum_doruceni, datum_odesilani, hmotnost, popis) values (72, 1, 88, 198, 43, 8, 2, '2/17/2072', '2/24/2068', '13769', 'Cras in purus eu magna vulputate luctus.');
insert into zasilka (zasilka_id, zasilka_typ_id, prijemce_id, odesilatel_id, zamestnanec_id, pobocka_id, raketa_id, datum_doruceni, datum_odesilani, hmotnost, popis) values (73, 1, 85, 209, 41, 8, 3, '9/10/2071', '7/19/2068', '26072', 'In sagittis dui vel nisl.');
insert into zasilka (zasilka_id, zasilka_typ_id, prijemce_id, odesilatel_id, zamestnanec_id, pobocka_id, raketa_id, datum_doruceni, datum_odesilani, hmotnost, popis) values (74, 1, 74, 197, 39, 8, 4, '3/20/2072', '11/8/2068', '27791', 'Integer non velit.');
insert into zasilka (zasilka_id, zasilka_typ_id, prijemce_id, odesilatel_id, zamestnanec_id, pobocka_id, raketa_id, datum_doruceni, datum_odesilani, hmotnost, popis) values (75, 1, 98, 203, 37, 8, 5, '5/15/2071', '10/15/2068', '28906', 'Donec ut dolor.');
insert into zasilka (zasilka_id, zasilka_typ_id, prijemce_id, odesilatel_id, zamestnanec_id, pobocka_id, raketa_id, datum_doruceni, datum_odesilani, hmotnost, popis) values (76, 1, 140, 197, 35, 8, 6, '8/31/2071', '6/16/2067', '26175', 'Integer ac leo.');
insert into zasilka (zasilka_id, zasilka_typ_id, prijemce_id, odesilatel_id, zamestnanec_id, pobocka_id, raketa_id, datum_doruceni, datum_odesilani, hmotnost, popis) values (77, 1, 68, 173, 33, 8, 7, '2/13/2072', '11/22/2067', '22793', 'Morbi non quam nec dui luctus rutrum.');
insert into zasilka (zasilka_id, zasilka_typ_id, prijemce_id, odesilatel_id, zamestnanec_id, pobocka_id, raketa_id, datum_doruceni, datum_odesilani, hmotnost, popis) values (78, 1, 146, 242, 31, 8, 8, '8/2/2071', '11/12/2068', '15974', 'Nam congue, risus semper porta volutpat, quam pede lobortis ligula, sit amet eleifend pede libero quis orci.');
insert into zasilka (zasilka_id, zasilka_typ_id, prijemce_id, odesilatel_id, zamestnanec_id, pobocka_id, raketa_id, datum_doruceni, datum_odesilani, hmotnost, popis) values (79, 1, 130, 223, 29, 8, 9, '9/15/2071', '6/24/2068', '13266', 'Vivamus in felis eu sapien cursus vestibulum.');
insert into zasilka (zasilka_id, zasilka_typ_id, prijemce_id, odesilatel_id, zamestnanec_id, pobocka_id, raketa_id, datum_doruceni, datum_odesilani, hmotnost, popis) values (80, 1, 138, 165, 27, 8, 10, '7/15/2071', '11/26/2067', '12060', 'Duis mattis egestas metus.');
insert into zasilka (zasilka_id, zasilka_typ_id, prijemce_id, odesilatel_id, zamestnanec_id, pobocka_id, raketa_id, datum_doruceni, datum_odesilani, hmotnost, popis) values (81, 1, 92, 188, 25, 8, 11, '6/13/2071', '7/30/2068', '21084', 'Integer non velit.');
insert into zasilka (zasilka_id, zasilka_typ_id, prijemce_id, odesilatel_id, zamestnanec_id, pobocka_id, raketa_id, datum_doruceni, datum_odesilani, hmotnost, popis) values (82, 1, 71, 180, 23, 8, 12, '8/24/2071', '3/23/2069', '17904', 'Vivamus in felis eu sapien cursus vestibulum.');
insert into zasilka (zasilka_id, zasilka_typ_id, prijemce_id, odesilatel_id, zamestnanec_id, pobocka_id, raketa_id, datum_doruceni, datum_odesilani, hmotnost, popis) values (83, 1, 114, 201, 21, 8, 13, '7/21/2071', '7/15/2068', '19783', 'Curabitur at ipsum ac tellus semper interdum.');
insert into zasilka (zasilka_id, zasilka_typ_id, prijemce_id, odesilatel_id, zamestnanec_id, pobocka_id, raketa_id, datum_doruceni, datum_odesilani, hmotnost, popis) values (84, 1, 72, 192, 19, 8, 14, '1/21/2072', '10/20/2068', '14298', 'Morbi sem mauris, laoreet ut, rhoncus aliquet, pulvinar sed, nisl.');
insert into zasilka (zasilka_id, zasilka_typ_id, prijemce_id, odesilatel_id, zamestnanec_id, pobocka_id, raketa_id, datum_doruceni, datum_odesilani, hmotnost, popis) values (85, 1, 129, 210, 17, 8, 15, '11/6/2071', '9/6/2067', '23787', 'Nam ultrices, libero non mattis pulvinar, nulla pede ullamcorper augue, a suscipit nulla elit ac nulla.');
insert into zasilka (zasilka_id, zasilka_typ_id, prijemce_id, odesilatel_id, zamestnanec_id, pobocka_id, raketa_id, datum_doruceni, datum_odesilani, hmotnost, popis) values (86, 1, 125, 181, 15, 8, 16, '12/4/2071', '1/29/2068', '12396', 'In congue.');
insert into zasilka (zasilka_id, zasilka_typ_id, prijemce_id, odesilatel_id, zamestnanec_id, pobocka_id, raketa_id, datum_doruceni, datum_odesilani, hmotnost, popis) values (87, 1, 95, 187, 13, 8, 17, '12/31/2071', '1/16/2068', '17827', 'Morbi vestibulum, velit id pretium iaculis, diam erat fermentum justo, nec condimentum neque sapien placerat ante.');
insert into zasilka (zasilka_id, zasilka_typ_id, prijemce_id, odesilatel_id, zamestnanec_id, pobocka_id, raketa_id, datum_doruceni, datum_odesilani, hmotnost, popis) values (88, 1, 115, 209, 11, 8, 18, '10/26/2071', '7/19/2067', '20738', 'Aenean auctor gravida sem.');
insert into zasilka (zasilka_id, zasilka_typ_id, prijemce_id, odesilatel_id, zamestnanec_id, pobocka_id, raketa_id, datum_doruceni, datum_odesilani, hmotnost, popis) values (89, 1, 100, 167, 9, 8, 19, '9/6/2071', '8/13/2068', '24821', 'Vivamus in felis eu sapien cursus vestibulum.');



insert into zasilka (zasilka_id, zasilka_typ_id, prijemce_id, odesilatel_id, zamestnanec_id, pobocka_id, raketa_id, datum_doruceni, datum_odesilani, hmotnost, popis) values (90, 2, 216, 116, 61, 1, 20, '4/29/2072', '2/25/2068', '7993', 'Curabitur in libero ut massa volutpat convallis.');
insert into zasilka (zasilka_id, zasilka_typ_id, prijemce_id, odesilatel_id, zamestnanec_id, pobocka_id, raketa_id, datum_doruceni, datum_odesilani, hmotnost, popis) values (91, 2, 187, 107, 59, 2, 21, '12/29/2071', '9/11/2068', '6044', 'Duis consequat dui nec nisi volutpat eleifend.');
insert into zasilka (zasilka_id, zasilka_typ_id, prijemce_id, odesilatel_id, zamestnanec_id, pobocka_id, raketa_id, datum_doruceni, datum_odesilani, hmotnost, popis) values (92, 2, 157, 72, 57, 3, 22, '9/17/2071', '12/8/2067', '9590', 'In est risus, auctor sed, tristique in, tempus sit amet, sem.');
insert into zasilka (zasilka_id, zasilka_typ_id, prijemce_id, odesilatel_id, zamestnanec_id, pobocka_id, raketa_id, datum_doruceni, datum_odesilani, hmotnost, popis) values (93, 2, 205, 71, 55, 4, 23, '3/20/2072', '7/7/2067', '872', 'Vestibulum quam sapien, varius ut, blandit non, interdum in, ante.');
insert into zasilka (zasilka_id, zasilka_typ_id, prijemce_id, odesilatel_id, zamestnanec_id, pobocka_id, raketa_id, datum_doruceni, datum_odesilani, hmotnost, popis) values (94, 2, 188, 130, 53, 5, 24, '1/14/2072', '1/15/2069', '5469', 'In blandit ultrices enim.');
insert into zasilka (zasilka_id, zasilka_typ_id, prijemce_id, odesilatel_id, zamestnanec_id, pobocka_id, raketa_id, datum_doruceni, datum_odesilani, hmotnost, popis) values (95, 2, 153, 65, 51, 6, 25, '1/1/2072', '3/15/2069', '2836', 'Curabitur in libero ut massa volutpat convallis.');
insert into zasilka (zasilka_id, zasilka_typ_id, prijemce_id, odesilatel_id, zamestnanec_id, pobocka_id, raketa_id, datum_doruceni, datum_odesilani, hmotnost, popis) values (96, 2, 179, 66, 49, 7, 26, '11/27/2071', '6/24/2068', '5666', 'Quisque erat eros, viverra eget, congue eget, semper rutrum, nulla.');
insert into zasilka (zasilka_id, zasilka_typ_id, prijemce_id, odesilatel_id, zamestnanec_id, pobocka_id, raketa_id, datum_doruceni, datum_odesilani, hmotnost, popis) values (97, 2, 196, 89, 47, 17, 27, '6/8/2071', '8/2/2067', '7689', 'Maecenas tincidunt lacus at velit.');
insert into zasilka (zasilka_id, zasilka_typ_id, prijemce_id, odesilatel_id, zamestnanec_id, pobocka_id, raketa_id, datum_doruceni, datum_odesilani, hmotnost, popis) values (98, 2, 236, 104, 45, 9, 28, '1/31/2072', '11/4/2067', '5980', 'Nunc purus.');
insert into zasilka (zasilka_id, zasilka_typ_id, prijemce_id, odesilatel_id, zamestnanec_id, pobocka_id, raketa_id, datum_doruceni, datum_odesilani, hmotnost, popis) values (99, 2, 224, 140, 43, 10, 29, '12/10/2071', '3/10/2068', '652', 'Donec quis orci eget orci vehicula condimentum.');
insert into zasilka (zasilka_id, zasilka_typ_id, prijemce_id, odesilatel_id, zamestnanec_id, pobocka_id, raketa_id, datum_doruceni, datum_odesilani, hmotnost, popis) values (100, 2, 186, 144, 41, 11, 30, '3/13/2072', '12/13/2067', '6464', 'In sagittis dui vel nisl.');
insert into zasilka (zasilka_id, zasilka_typ_id, prijemce_id, odesilatel_id, zamestnanec_id, pobocka_id, raketa_id, datum_doruceni, datum_odesilani, hmotnost, popis) values (101, 2, 204, 113, 39, 12, 31, '8/9/2071', '5/15/2067', '7953', 'Fusce lacus purus, aliquet at, feugiat non, pretium quis, lectus.');
insert into zasilka (zasilka_id, zasilka_typ_id, prijemce_id, odesilatel_id, zamestnanec_id, pobocka_id, raketa_id, datum_doruceni, datum_odesilani, hmotnost, popis) values (102, 2, 219, 93, 37, 13, 20, '3/23/2072', '5/20/2067', '5576', 'Suspendisse accumsan tortor quis turpis.');
insert into zasilka (zasilka_id, zasilka_typ_id, prijemce_id, odesilatel_id, zamestnanec_id, pobocka_id, raketa_id, datum_doruceni, datum_odesilani, hmotnost, popis) values (103, 2, 206, 128, 35, 14, 21, '12/3/2071', '5/4/2068', '8926', 'Pellentesque viverra pede ac diam.');
insert into zasilka (zasilka_id, zasilka_typ_id, prijemce_id, odesilatel_id, zamestnanec_id, pobocka_id, raketa_id, datum_doruceni, datum_odesilani, hmotnost, popis) values (104, 2, 205, 103, 33, 15, 22, '3/15/2072', '3/26/2068', '5045', 'In sagittis dui vel nisl.');
insert into zasilka (zasilka_id, zasilka_typ_id, prijemce_id, odesilatel_id, zamestnanec_id, pobocka_id, raketa_id, datum_doruceni, datum_odesilani, hmotnost, popis) values (105, 2, 231, 81, 31, 16, 23, '4/13/2072', '7/23/2068', '7964', 'Aliquam augue quam, sollicitudin vitae, consectetuer eget, rutrum at, lorem.');
insert into zasilka (zasilka_id, zasilka_typ_id, prijemce_id, odesilatel_id, zamestnanec_id, pobocka_id, raketa_id, datum_doruceni, datum_odesilani, hmotnost, popis) values (106, 2, 157, 121, 29, 1, 24, '6/30/2071', '7/6/2067', '6340', 'Praesent blandit.');
insert into zasilka (zasilka_id, zasilka_typ_id, prijemce_id, odesilatel_id, zamestnanec_id, pobocka_id, raketa_id, datum_doruceni, datum_odesilani, hmotnost, popis) values (107, 2, 173, 76, 27, 2, 25, '10/10/2071', '5/22/2068', '265', 'Nullam orci pede, venenatis non, sodales sed, tincidunt eu, felis.');
insert into zasilka (zasilka_id, zasilka_typ_id, prijemce_id, odesilatel_id, zamestnanec_id, pobocka_id, raketa_id, datum_doruceni, datum_odesilani, hmotnost, popis) values (108, 2, 155, 144, 25, 3, 26, '8/12/2071', '1/8/2069', '4777', 'Donec odio justo, sollicitudin ut, suscipit a, feugiat et, eros.');
insert into zasilka (zasilka_id, zasilka_typ_id, prijemce_id, odesilatel_id, zamestnanec_id, pobocka_id, raketa_id, datum_doruceni, datum_odesilani, hmotnost, popis) values (109, 2, 198, 77, 23, 4, 27, '7/30/2071', '1/10/2069', '6487', 'Sed accumsan felis.');
insert into zasilka (zasilka_id, zasilka_typ_id, prijemce_id, odesilatel_id, zamestnanec_id, pobocka_id, raketa_id, datum_doruceni, datum_odesilani, hmotnost, popis) values (110, 2, 173, 127, 21, 5, 28, '3/16/2072', '2/2/2069', '6326', 'Aenean sit amet justo.');
insert into zasilka (zasilka_id, zasilka_typ_id, prijemce_id, odesilatel_id, zamestnanec_id, pobocka_id, raketa_id, datum_doruceni, datum_odesilani, hmotnost, popis) values (111, 2, 192, 64, 19, 6, 29, '2/26/2072', '12/13/2068', '9171', 'Nulla facilisi.');
insert into zasilka (zasilka_id, zasilka_typ_id, prijemce_id, odesilatel_id, zamestnanec_id, pobocka_id, raketa_id, datum_doruceni, datum_odesilani, hmotnost, popis) values (112, 2, 200, 132, 17, 7, 30, '7/27/2071', '10/31/2067', '145', 'Etiam pretium iaculis justo.');
insert into zasilka (zasilka_id, zasilka_typ_id, prijemce_id, odesilatel_id, zamestnanec_id, pobocka_id, raketa_id, datum_doruceni, datum_odesilani, hmotnost, popis) values (113, 2, 223, 80, 15, 17, 31, '2/2/2072', '7/2/2067', '7718', 'Morbi odio odio, elementum eu, interdum eu, tincidunt in, leo.');
insert into zasilka (zasilka_id, zasilka_typ_id, prijemce_id, odesilatel_id, zamestnanec_id, pobocka_id, raketa_id, datum_doruceni, datum_odesilani, hmotnost, popis) values (114, 2, 179, 146, 13, 9, 20, '2/28/2072', '11/12/2068', '5540', 'Mauris ullamcorper purus sit amet nulla.');
insert into zasilka (zasilka_id, zasilka_typ_id, prijemce_id, odesilatel_id, zamestnanec_id, pobocka_id, raketa_id, datum_doruceni, datum_odesilani, hmotnost, popis) values (115, 2, 168, 76, 11, 10, 21, '8/24/2071', '8/10/2067', '7830', 'Donec dapibus.');
insert into zasilka (zasilka_id, zasilka_typ_id, prijemce_id, odesilatel_id, zamestnanec_id, pobocka_id, raketa_id, datum_doruceni, datum_odesilani, hmotnost, popis) values (116, 2, 189, 76, 9, 11, 22, '11/20/2071', '7/20/2067', '2939', 'Praesent lectus.');
insert into zasilka (zasilka_id, zasilka_typ_id, prijemce_id, odesilatel_id, zamestnanec_id, pobocka_id, raketa_id, datum_doruceni, datum_odesilani, hmotnost, popis) values (117, 2, 160, 122, 7, 12, 23, '7/31/2071', '7/12/2068', '3671', 'Donec vitae nisi.');
insert into zasilka (zasilka_id, zasilka_typ_id, prijemce_id, odesilatel_id, zamestnanec_id, pobocka_id, raketa_id, datum_doruceni, datum_odesilani, hmotnost, popis) values (118, 2, 221, 119, 5, 13, 24, '8/3/2071', '4/12/2069', '7291', 'Duis mattis egestas metus.');
insert into zasilka (zasilka_id, zasilka_typ_id, prijemce_id, odesilatel_id, zamestnanec_id, pobocka_id, raketa_id, datum_doruceni, datum_odesilani, hmotnost, popis) values (119, 2, 203, 146, 3, 14, 25, '2/22/2072', '6/3/2068', '904', 'Nam tristique tortor eu pede.');
insert into zasilka (zasilka_id, zasilka_typ_id, prijemce_id, odesilatel_id, zamestnanec_id, pobocka_id, raketa_id, datum_doruceni, datum_odesilani, hmotnost, popis) values (120, 2, 224, 132, 1, 15, 26, '2/9/2072', '6/29/2068', '6383', 'Integer a nibh.');
insert into zasilka (zasilka_id, zasilka_typ_id, prijemce_id, odesilatel_id, zamestnanec_id, pobocka_id, raketa_id, datum_doruceni, datum_odesilani, hmotnost, popis) values (121, 2, 210, 78, 61, 16, 27, '8/27/2071', '2/28/2069', '7449', 'Fusce congue, diam id ornare imperdiet, sapien urna pretium nisl, ut volutpat sapien arcu sed augue.');
insert into zasilka (zasilka_id, zasilka_typ_id, prijemce_id, odesilatel_id, zamestnanec_id, pobocka_id, raketa_id, datum_doruceni, datum_odesilani, hmotnost, popis) values (122, 2, 166, 108, 59, 1, 28, '10/3/2071', '8/26/2067', '8399', 'Quisque porta volutpat erat.');
insert into zasilka (zasilka_id, zasilka_typ_id, prijemce_id, odesilatel_id, zamestnanec_id, pobocka_id, raketa_id, datum_doruceni, datum_odesilani, hmotnost, popis) values (123, 2, 223, 138, 57, 2, 29, '5/12/2071', '2/29/2068', '7704', 'Phasellus sit amet erat.');
insert into zasilka (zasilka_id, zasilka_typ_id, prijemce_id, odesilatel_id, zamestnanec_id, pobocka_id, raketa_id, datum_doruceni, datum_odesilani, hmotnost, popis) values (124, 2, 233, 137, 55, 3, 30, '10/7/2071', '5/20/2067', '3208', 'Vivamus vel nulla eget eros elementum pellentesque.');
insert into zasilka (zasilka_id, zasilka_typ_id, prijemce_id, odesilatel_id, zamestnanec_id, pobocka_id, raketa_id, datum_doruceni, datum_odesilani, hmotnost, popis) values (125, 2, 158, 91, 53, 4, 31, '12/26/2071', '8/19/2067', '148', 'Integer ac neque.');
insert into zasilka (zasilka_id, zasilka_typ_id, prijemce_id, odesilatel_id, zamestnanec_id, pobocka_id, raketa_id, datum_doruceni, datum_odesilani, hmotnost, popis) values (126, 2, 202, 66, 51, 5, 20, '12/19/2071', '7/9/2067', '9613', 'Duis at velit eu est congue elementum.');
insert into zasilka (zasilka_id, zasilka_typ_id, prijemce_id, odesilatel_id, zamestnanec_id, pobocka_id, raketa_id, datum_doruceni, datum_odesilani, hmotnost, popis) values (127, 2, 235, 122, 49, 6, 21, '6/10/2071', '9/16/2067', '3520', 'Vestibulum ante ipsum primis in faucibus orci luctus et ultrices posuere cubilia Curae; Mauris viverra diam vitae quam.');
insert into zasilka (zasilka_id, zasilka_typ_id, prijemce_id, odesilatel_id, zamestnanec_id, pobocka_id, raketa_id, datum_doruceni, datum_odesilani, hmotnost, popis) values (128, 2, 184, 132, 47, 7, 22, '4/10/2072', '2/10/2068', '975', 'Integer tincidunt ante vel ipsum.');
insert into zasilka (zasilka_id, zasilka_typ_id, prijemce_id, odesilatel_id, zamestnanec_id, pobocka_id, raketa_id, datum_doruceni, datum_odesilani, hmotnost, popis) values (129, 2, 206, 91, 45, 17, 23, '9/1/2071', '12/23/2067', '2345', 'Nunc nisl.');
insert into zasilka (zasilka_id, zasilka_typ_id, prijemce_id, odesilatel_id, zamestnanec_id, pobocka_id, raketa_id, datum_doruceni, datum_odesilani, hmotnost, popis) values (130, 2, 167, 150, 43, 9, 24, '2/22/2072', '11/22/2067', '2875', 'Sed ante.');
insert into zasilka (zasilka_id, zasilka_typ_id, prijemce_id, odesilatel_id, zamestnanec_id, pobocka_id, raketa_id, datum_doruceni, datum_odesilani, hmotnost, popis) values (131, 2, 207, 80, 41, 10, 25, '12/17/2071', '12/29/2068', '6341', 'Cum sociis natoque penatibus et magnis dis parturient montes, nascetur ridiculus mus.');
insert into zasilka (zasilka_id, zasilka_typ_id, prijemce_id, odesilatel_id, zamestnanec_id, pobocka_id, raketa_id, datum_doruceni, datum_odesilani, hmotnost, popis) values (132, 2, 198, 125, 39, 11, 26, '4/8/2072', '9/11/2068', '3348', 'Fusce lacus purus, aliquet at, feugiat non, pretium quis, lectus.');
insert into zasilka (zasilka_id, zasilka_typ_id, prijemce_id, odesilatel_id, zamestnanec_id, pobocka_id, raketa_id, datum_doruceni, datum_odesilani, hmotnost, popis) values (133, 2, 181, 146, 37, 12, 27, '1/6/2072', '10/20/2067', '2147', 'Fusce posuere felis sed lacus.');
insert into zasilka (zasilka_id, zasilka_typ_id, prijemce_id, odesilatel_id, zamestnanec_id, pobocka_id, raketa_id, datum_doruceni, datum_odesilani, hmotnost, popis) values (134, 2, 235, 74, 35, 13, 28, '2/26/2072', '2/26/2068', '9877', 'Lorem ipsum dolor sit amet, consectetuer adipiscing elit.');
insert into zasilka (zasilka_id, zasilka_typ_id, prijemce_id, odesilatel_id, zamestnanec_id, pobocka_id, raketa_id, datum_doruceni, datum_odesilani, hmotnost, popis) values (135, 2, 184, 147, 33, 14, 29, '4/5/2072', '6/6/2068', '2461', 'Integer ac leo.');
insert into zasilka (zasilka_id, zasilka_typ_id, prijemce_id, odesilatel_id, zamestnanec_id, pobocka_id, raketa_id, datum_doruceni, datum_odesilani, hmotnost, popis) values (136, 2, 229, 109, 31, 15, 30, '5/13/2071', '9/8/2067', '1247', 'Integer pede justo, lacinia eget, tincidunt eget, tempus vel, pede.');
insert into zasilka (zasilka_id, zasilka_typ_id, prijemce_id, odesilatel_id, zamestnanec_id, pobocka_id, raketa_id, datum_doruceni, datum_odesilani, hmotnost, popis) values (137, 2, 222, 104, 29, 16, 31, '1/14/2072', '3/6/2069', '1735', 'Cum sociis natoque penatibus et magnis dis parturient montes, nascetur ridiculus mus.');
insert into zasilka (zasilka_id, zasilka_typ_id, prijemce_id, odesilatel_id, zamestnanec_id, pobocka_id, raketa_id, datum_doruceni, datum_odesilani, hmotnost, popis) values (138, 2, 172, 84, 27, 1, 20, '8/7/2071', '2/17/2069', '7896', 'Cras mi pede, malesuada in, imperdiet et, commodo vulputate, justo.');
insert into zasilka (zasilka_id, zasilka_typ_id, prijemce_id, odesilatel_id, zamestnanec_id, pobocka_id, raketa_id, datum_doruceni, datum_odesilani, hmotnost, popis) values (139, 2, 232, 140, 25, 2, 21, '12/2/2071', '7/7/2068', '4827', 'Morbi sem mauris, laoreet ut, rhoncus aliquet, pulvinar sed, nisl.');
insert into zasilka (zasilka_id, zasilka_typ_id, prijemce_id, odesilatel_id, zamestnanec_id, pobocka_id, raketa_id, datum_doruceni, datum_odesilani, hmotnost, popis) values (140, 2, 165, 76, 23, 3, 22, '5/16/2071', '8/2/2068', '6929', 'Quisque erat eros, viverra eget, congue eget, semper rutrum, nulla.');
insert into zasilka (zasilka_id, zasilka_typ_id, prijemce_id, odesilatel_id, zamestnanec_id, pobocka_id, raketa_id, datum_doruceni, datum_odesilani, hmotnost, popis) values (141, 2, 175, 68, 21, 4, 23, '9/14/2071', '3/2/2069', '8247', 'Duis aliquam convallis nunc.');
insert into zasilka (zasilka_id, zasilka_typ_id, prijemce_id, odesilatel_id, zamestnanec_id, pobocka_id, raketa_id, datum_doruceni, datum_odesilani, hmotnost, popis) values (142, 2, 198, 116, 19, 5, 24, '4/13/2072', '11/17/2068', '9649', 'Duis consequat dui nec nisi volutpat eleifend.');
insert into zasilka (zasilka_id, zasilka_typ_id, prijemce_id, odesilatel_id, zamestnanec_id, pobocka_id, raketa_id, datum_doruceni, datum_odesilani, hmotnost, popis) values (143, 2, 179, 104, 17, 6, 25, '1/30/2072', '6/28/2067', '4831', 'Duis at velit eu est congue elementum.');
insert into zasilka (zasilka_id, zasilka_typ_id, prijemce_id, odesilatel_id, zamestnanec_id, pobocka_id, raketa_id, datum_doruceni, datum_odesilani, hmotnost, popis) values (144, 2, 164, 143, 15, 7, 26, '1/4/2072', '3/9/2068', '8860', 'Duis consequat dui nec nisi volutpat eleifend.');
insert into zasilka (zasilka_id, zasilka_typ_id, prijemce_id, odesilatel_id, zamestnanec_id, pobocka_id, raketa_id, datum_doruceni, datum_odesilani, hmotnost, popis) values (145, 2, 181, 111, 13, 17, 27, '11/16/2071', '7/11/2068', '9767', 'Duis bibendum, felis sed interdum venenatis, turpis enim blandit mi, in porttitor pede justo eu massa.');
insert into zasilka (zasilka_id, zasilka_typ_id, prijemce_id, odesilatel_id, zamestnanec_id, pobocka_id, raketa_id, datum_doruceni, datum_odesilani, hmotnost, popis) values (146, 2, 158, 141, 11, 9, 28, '4/18/2072', '8/11/2068', '7355', 'Duis consequat dui nec nisi volutpat eleifend.');
insert into zasilka (zasilka_id, zasilka_typ_id, prijemce_id, odesilatel_id, zamestnanec_id, pobocka_id, raketa_id, datum_doruceni, datum_odesilani, hmotnost, popis) values (147, 2, 153, 148, 9, 10, 29, '5/8/2072', '10/27/2068', '9134', 'In hac habitasse platea dictumst.');
insert into zasilka (zasilka_id, zasilka_typ_id, prijemce_id, odesilatel_id, zamestnanec_id, pobocka_id, raketa_id, datum_doruceni, datum_odesilani, hmotnost, popis) values (148, 2, 192, 127, 7, 11, 30, '1/24/2072', '10/21/2067', '8724', 'Vestibulum ante ipsum primis in faucibus orci luctus et ultrices posuere cubilia Curae; Donec pharetra, magna vestibulum aliquet ultrices, erat tortor sollicitudin mi, sit amet lobortis sapien sapien non mi.');
insert into zasilka (zasilka_id, zasilka_typ_id, prijemce_id, odesilatel_id, zamestnanec_id, pobocka_id, raketa_id, datum_doruceni, datum_odesilani, hmotnost, popis) values (149, 2, 240, 130, 5, 12, 31, '10/27/2071', '8/22/2067', '6141', 'Aenean sit amet justo.');
insert into zasilka (zasilka_id, zasilka_typ_id, prijemce_id, odesilatel_id, zamestnanec_id, pobocka_id, raketa_id, datum_doruceni, datum_odesilani, hmotnost, popis) values (150, 2, 163, 151, 3, 13, 20, '2/27/2072', '5/21/2067', '9955', 'Quisque arcu libero, rutrum ac, lobortis vel, dapibus at, diam.');
insert into zasilka (zasilka_id, zasilka_typ_id, prijemce_id, odesilatel_id, zamestnanec_id, pobocka_id, raketa_id, datum_doruceni, datum_odesilani, hmotnost, popis) values (151, 2, 232, 143, 1, 14, 21, '4/19/2072', '11/21/2067', '7104', 'Quisque arcu libero, rutrum ac, lobortis vel, dapibus at, diam.');
insert into zasilka (zasilka_id, zasilka_typ_id, prijemce_id, odesilatel_id, zamestnanec_id, pobocka_id, raketa_id, datum_doruceni, datum_odesilani, hmotnost, popis) values (152, 2, 224, 87, 61, 15, 22, '4/7/2072', '4/21/2069', '8226', 'Mauris ullamcorper purus sit amet nulla.');
insert into zasilka (zasilka_id, zasilka_typ_id, prijemce_id, odesilatel_id, zamestnanec_id, pobocka_id, raketa_id, datum_doruceni, datum_odesilani, hmotnost, popis) values (153, 2, 222, 147, 59, 16, 23, '1/22/2072', '8/19/2067', '5281', 'Cras mi pede, malesuada in, imperdiet et, commodo vulputate, justo.');
insert into zasilka (zasilka_id, zasilka_typ_id, prijemce_id, odesilatel_id, zamestnanec_id, pobocka_id, raketa_id, datum_doruceni, datum_odesilani, hmotnost, popis) values (154, 2, 217, 120, 57, 1, 24, '5/8/2072', '11/11/2068', '8864', 'Fusce posuere felis sed lacus.');
insert into zasilka (zasilka_id, zasilka_typ_id, prijemce_id, odesilatel_id, zamestnanec_id, pobocka_id, raketa_id, datum_doruceni, datum_odesilani, hmotnost, popis) values (155, 2, 205, 133, 55, 2, 25, '2/7/2072', '6/1/2067', '2943', 'Nam nulla.');
insert into zasilka (zasilka_id, zasilka_typ_id, prijemce_id, odesilatel_id, zamestnanec_id, pobocka_id, raketa_id, datum_doruceni, datum_odesilani, hmotnost, popis) values (156, 2, 192, 112, 53, 3, 26, '8/6/2071', '9/26/2067', '4361', 'Cras in purus eu magna vulputate luctus.');
insert into zasilka (zasilka_id, zasilka_typ_id, prijemce_id, odesilatel_id, zamestnanec_id, pobocka_id, raketa_id, datum_doruceni, datum_odesilani, hmotnost, popis) values (157, 2, 170, 85, 51, 4, 27, '3/18/2072', '3/14/2068', '4542', 'Duis at velit eu est congue elementum.');
insert into zasilka (zasilka_id, zasilka_typ_id, prijemce_id, odesilatel_id, zamestnanec_id, pobocka_id, raketa_id, datum_doruceni, datum_odesilani, hmotnost, popis) values (158, 2, 156, 90, 49, 5, 28, '2/5/2072', '3/3/2068', '3325', 'Vivamus in felis eu sapien cursus vestibulum.');
insert into zasilka (zasilka_id, zasilka_typ_id, prijemce_id, odesilatel_id, zamestnanec_id, pobocka_id, raketa_id, datum_doruceni, datum_odesilani, hmotnost, popis) values (159, 2, 225, 70, 47, 6, 29, '6/7/2071', '2/7/2069', '3066', 'Curabitur gravida nisi at nibh.');
insert into zasilka (zasilka_id, zasilka_typ_id, prijemce_id, odesilatel_id, zamestnanec_id, pobocka_id, raketa_id, datum_doruceni, datum_odesilani, hmotnost, popis) values (160, 2, 215, 124, 45, 7, 30, '6/5/2071', '1/25/2069', '5066', 'Nulla nisl.');
insert into zasilka (zasilka_id, zasilka_typ_id, prijemce_id, odesilatel_id, zamestnanec_id, pobocka_id, raketa_id, datum_doruceni, datum_odesilani, hmotnost, popis) values (161, 2, 180, 98, 43, 17, 31, '1/30/2072', '9/5/2067', '9512', 'Suspendisse potenti.');
insert into zasilka (zasilka_id, zasilka_typ_id, prijemce_id, odesilatel_id, zamestnanec_id, pobocka_id, raketa_id, datum_doruceni, datum_odesilani, hmotnost, popis) values (162, 2, 191, 79, 41, 9, 20, '5/18/2071', '9/14/2067', '3318', 'Vestibulum sed magna at nunc commodo placerat.');
insert into zasilka (zasilka_id, zasilka_typ_id, prijemce_id, odesilatel_id, zamestnanec_id, pobocka_id, raketa_id, datum_doruceni, datum_odesilani, hmotnost, popis) values (163, 2, 231, 97, 39, 10, 21, '11/23/2071', '6/24/2068', '4661', 'Nulla neque libero, convallis eget, eleifend luctus, ultricies eu, nibh.');
insert into zasilka (zasilka_id, zasilka_typ_id, prijemce_id, odesilatel_id, zamestnanec_id, pobocka_id, raketa_id, datum_doruceni, datum_odesilani, hmotnost, popis) values (164, 2, 238, 111, 37, 11, 22, '2/5/2072', '9/27/2068', '5948', 'Phasellus in felis.');
insert into zasilka (zasilka_id, zasilka_typ_id, prijemce_id, odesilatel_id, zamestnanec_id, pobocka_id, raketa_id, datum_doruceni, datum_odesilani, hmotnost, popis) values (165, 2, 233, 94, 35, 12, 23, '4/2/2072', '7/13/2067', '8546', 'Quisque arcu libero, rutrum ac, lobortis vel, dapibus at, diam.');
insert into zasilka (zasilka_id, zasilka_typ_id, prijemce_id, odesilatel_id, zamestnanec_id, pobocka_id, raketa_id, datum_doruceni, datum_odesilani, hmotnost, popis) values (166, 2, 166, 111, 33, 13, 24, '9/3/2071', '10/21/2067', '870', 'Pellentesque ultrices mattis odio.');
insert into zasilka (zasilka_id, zasilka_typ_id, prijemce_id, odesilatel_id, zamestnanec_id, pobocka_id, raketa_id, datum_doruceni, datum_odesilani, hmotnost, popis) values (167, 2, 157, 93, 31, 14, 25, '9/22/2071', '9/21/2067', '2207', 'Donec ut dolor.');
insert into zasilka (zasilka_id, zasilka_typ_id, prijemce_id, odesilatel_id, zamestnanec_id, pobocka_id, raketa_id, datum_doruceni, datum_odesilani, hmotnost, popis) values (168, 2, 185, 122, 29, 8, 20, '6/2/2071', '11/12/2068', '9655', 'Vivamus in felis eu sapien cursus vestibulum.');
insert into zasilka (zasilka_id, zasilka_typ_id, prijemce_id, odesilatel_id, zamestnanec_id, pobocka_id, raketa_id, datum_doruceni, datum_odesilani, hmotnost, popis) values (169, 2, 175, 85, 27, 8, 21, '3/29/2072', '8/21/2067', '4310', 'Vivamus metus arcu, adipiscing molestie, hendrerit at, vulputate vitae, nisl.');
insert into zasilka (zasilka_id, zasilka_typ_id, prijemce_id, odesilatel_id, zamestnanec_id, pobocka_id, raketa_id, datum_doruceni, datum_odesilani, hmotnost, popis) values (170, 2, 236, 65, 25, 8, 22, '9/15/2071', '4/16/2069', '9664', 'Pellentesque viverra pede ac diam.');
insert into zasilka (zasilka_id, zasilka_typ_id, prijemce_id, odesilatel_id, zamestnanec_id, pobocka_id, raketa_id, datum_doruceni, datum_odesilani, hmotnost, popis) values (171, 2, 193, 129, 23, 8, 23, '7/5/2071', '2/11/2069', '4196', 'Pellentesque ultrices mattis odio.');
insert into zasilka (zasilka_id, zasilka_typ_id, prijemce_id, odesilatel_id, zamestnanec_id, pobocka_id, raketa_id, datum_doruceni, datum_odesilani, hmotnost, popis) values (172, 2, 239, 86, 21, 8, 24, '6/2/2071', '11/17/2067', '7885', 'Nam nulla.');
insert into zasilka (zasilka_id, zasilka_typ_id, prijemce_id, odesilatel_id, zamestnanec_id, pobocka_id, raketa_id, datum_doruceni, datum_odesilani, hmotnost, popis) values (173, 2, 175, 113, 19, 8, 25, '8/24/2071', '7/9/2068', '9760', 'Integer a nibh.');
insert into zasilka (zasilka_id, zasilka_typ_id, prijemce_id, odesilatel_id, zamestnanec_id, pobocka_id, raketa_id, datum_doruceni, datum_odesilani, hmotnost, popis) values (174, 2, 189, 131, 17, 8, 26, '4/13/2072', '4/16/2068', '1485', 'Nunc purus.');
insert into zasilka (zasilka_id, zasilka_typ_id, prijemce_id, odesilatel_id, zamestnanec_id, pobocka_id, raketa_id, datum_doruceni, datum_odesilani, hmotnost, popis) values (175, 2, 229, 144, 15, 8, 27, '1/18/2072', '8/29/2068', '6753', 'Donec posuere metus vitae ipsum.');
insert into zasilka (zasilka_id, zasilka_typ_id, prijemce_id, odesilatel_id, zamestnanec_id, pobocka_id, raketa_id, datum_doruceni, datum_odesilani, hmotnost, popis) values (176, 2, 194, 125, 13, 8, 28, '4/25/2072', '4/13/2068', '2703', 'Pellentesque at nulla.');
insert into zasilka (zasilka_id, zasilka_typ_id, prijemce_id, odesilatel_id, zamestnanec_id, pobocka_id, raketa_id, datum_doruceni, datum_odesilani, hmotnost, popis) values (177, 2, 221, 86, 11, 8, 29, '11/21/2071', '11/17/2068', '5469', 'Pellentesque at nulla.');
insert into zasilka (zasilka_id, zasilka_typ_id, prijemce_id, odesilatel_id, zamestnanec_id, pobocka_id, raketa_id, datum_doruceni, datum_odesilani, hmotnost, popis) values (178, 2, 230, 103, 9, 8, 31, '9/6/2071', '11/23/2067', '9001', 'Praesent lectus.');


select setval(pg_get_serial_sequence('zasilka','zasilka_id'),178);



--tabulka platba_typ


insert into platba_typ (platba_typ_id, nazev) values (1, 'karta');
insert into platba_typ (platba_typ_id, nazev) values (2, 'krypta');

select setval(pg_get_serial_sequence('platba_typ','platba_typ_id'),2);


--tabulka platba


insert into platba (platba_id, platba_typ_id, zasilka_id, cas, castka, datum) values (1, 1, 1, '0:38', '36980', '8/22/2069');
insert into platba (platba_id, platba_typ_id, zasilka_id, cas, castka, datum) values (2, 1, 2, '13:23', '31910', '5/30/2069');
insert into platba (platba_id, platba_typ_id, zasilka_id, cas, castka, datum) values (3, 2, 3, '8:05', '33457', '2/25/2070');
insert into platba (platba_id, platba_typ_id, zasilka_id, cas, castka, datum) values (4, 1, 4, '0:40', '39160', '12/11/2069');
insert into platba (platba_id, platba_typ_id, zasilka_id, cas, castka, datum) values (5, 1, 5, '9:27', '17802', '1/10/2070');
insert into platba (platba_id, platba_typ_id, zasilka_id, cas, castka, datum) values (6, 2, 6, '8:19', '36843', '8/6/2069');
insert into platba (platba_id, platba_typ_id, zasilka_id, cas, castka, datum) values (7, 1, 7, '17:22', '11137', '9/27/2069');
insert into platba (platba_id, platba_typ_id, zasilka_id, cas, castka, datum) values (8, 2, 8, '0:03', '33767', '12/3/2069');
insert into platba (platba_id, platba_typ_id, zasilka_id, cas, castka, datum) values (9, 1, 9, '5:46', '15022', '7/10/2069');
insert into platba (platba_id, platba_typ_id, zasilka_id, cas, castka, datum) values (10, 2, 10, '19:52', '20676', '3/20/2070');
insert into platba (platba_id, platba_typ_id, zasilka_id, cas, castka, datum) values (11, 1, 11, '1:33', '14455', '5/12/2070');
insert into platba (platba_id, platba_typ_id, zasilka_id, cas, castka, datum) values (12, 1, 12, '2:44', '32384', '3/27/2070');
insert into platba (platba_id, platba_typ_id, zasilka_id, cas, castka, datum) values (13, 2, 13, '16:20', '17380', '9/18/2069');
insert into platba (platba_id, platba_typ_id, zasilka_id, cas, castka, datum) values (14, 2, 14, '22:52', '17469', '5/26/2069');
insert into platba (platba_id, platba_typ_id, zasilka_id, cas, castka, datum) values (15, 2, 15, '1:44', '38031', '4/2/2070');
insert into platba (platba_id, platba_typ_id, zasilka_id, cas, castka, datum) values (16, 1, 16, '4:17', '38036', '3/10/2070');
insert into platba (platba_id, platba_typ_id, zasilka_id, cas, castka, datum) values (17, 2, 17, '0:15', '31014', '2/15/2070');
insert into platba (platba_id, platba_typ_id, zasilka_id, cas, castka, datum) values (18, 2, 18, '11:01', '24073', '10/20/2069');
insert into platba (platba_id, platba_typ_id, zasilka_id, cas, castka, datum) values (19, 1, 19, '2:10', '34276', '4/24/2070');
insert into platba (platba_id, platba_typ_id, zasilka_id, cas, castka, datum) values (20, 1, 20, '10:42', '33775', '11/17/2069');
insert into platba (platba_id, platba_typ_id, zasilka_id, cas, castka, datum) values (21, 2, 21, '8:56', '13983', '4/20/2070');
insert into platba (platba_id, platba_typ_id, zasilka_id, cas, castka, datum) values (22, 2, 22, '8:17', '23518', '5/27/2069');
insert into platba (platba_id, platba_typ_id, zasilka_id, cas, castka, datum) values (23, 1, 23, '14:42', '19766', '7/5/2069');
insert into platba (platba_id, platba_typ_id, zasilka_id, cas, castka, datum) values (24, 2, 24, '11:35', '10011', '5/16/2069');
insert into platba (platba_id, platba_typ_id, zasilka_id, cas, castka, datum) values (25, 2, 25, '7:15', '26172', '6/3/2069');
insert into platba (platba_id, platba_typ_id, zasilka_id, cas, castka, datum) values (26, 2, 26, '20:02', '26025', '9/26/2069');
insert into platba (platba_id, platba_typ_id, zasilka_id, cas, castka, datum) values (27, 2, 27, '11:46', '22156', '3/14/2070');
insert into platba (platba_id, platba_typ_id, zasilka_id, cas, castka, datum) values (28, 1, 28, '18:49', '25180', '6/23/2069');
insert into platba (platba_id, platba_typ_id, zasilka_id, cas, castka, datum) values (29, 2, 29, '8:31', '39657', '1/9/2070');
insert into platba (platba_id, platba_typ_id, zasilka_id, cas, castka, datum) values (30, 2, 30, '20:39', '16754', '7/18/2069');
insert into platba (platba_id, platba_typ_id, zasilka_id, cas, castka, datum) values (31, 2, 31, '2:05', '39472', '11/28/2069');
insert into platba (platba_id, platba_typ_id, zasilka_id, cas, castka, datum) values (32, 1, 32, '13:31', '19338', '3/31/2070');
insert into platba (platba_id, platba_typ_id, zasilka_id, cas, castka, datum) values (33, 1, 33, '23:43', '34231', '7/9/2069');
insert into platba (platba_id, platba_typ_id, zasilka_id, cas, castka, datum) values (34, 2, 34, '8:14', '32549', '2/25/2070');
insert into platba (platba_id, platba_typ_id, zasilka_id, cas, castka, datum) values (35, 2, 35, '5:06', '18018', '1/3/2070');
insert into platba (platba_id, platba_typ_id, zasilka_id, cas, castka, datum) values (36, 1, 36, '9:14', '17939', '6/19/2069');
insert into platba (platba_id, platba_typ_id, zasilka_id, cas, castka, datum) values (37, 1, 37, '18:02', '21192', '8/26/2069');
insert into platba (platba_id, platba_typ_id, zasilka_id, cas, castka, datum) values (38, 1, 38, '4:34', '20837', '5/13/2069');
insert into platba (platba_id, platba_typ_id, zasilka_id, cas, castka, datum) values (39, 2, 39, '21:46', '11987', '7/26/2069');
insert into platba (platba_id, platba_typ_id, zasilka_id, cas, castka, datum) values (40, 2, 40, '9:44', '31958', '10/9/2069');
insert into platba (platba_id, platba_typ_id, zasilka_id, cas, castka, datum) values (41, 2, 41, '16:54', '30495', '12/4/2069');
insert into platba (platba_id, platba_typ_id, zasilka_id, cas, castka, datum) values (42, 1, 42, '0:50', '36786', '12/3/2069');
insert into platba (platba_id, platba_typ_id, zasilka_id, cas, castka, datum) values (43, 1, 43, '2:05', '18092', '10/21/2069');
insert into platba (platba_id, platba_typ_id, zasilka_id, cas, castka, datum) values (44, 1, 44, '20:00', '32093', '2/27/2070');
insert into platba (platba_id, platba_typ_id, zasilka_id, cas, castka, datum) values (45, 1, 45, '2:36', '38332', '10/4/2069');
insert into platba (platba_id, platba_typ_id, zasilka_id, cas, castka, datum) values (46, 1, 46, '13:02', '37122', '4/13/2070');
insert into platba (platba_id, platba_typ_id, zasilka_id, cas, castka, datum) values (47, 1, 47, '22:48', '38241', '9/22/2069');
insert into platba (platba_id, platba_typ_id, zasilka_id, cas, castka, datum) values (48, 1, 48, '17:09', '33262', '1/25/2070');
insert into platba (platba_id, platba_typ_id, zasilka_id, cas, castka, datum) values (49, 2, 49, '9:39', '10699', '11/5/2069');
insert into platba (platba_id, platba_typ_id, zasilka_id, cas, castka, datum) values (50, 1, 50, '10:30', '25429', '7/9/2069');
insert into platba (platba_id, platba_typ_id, zasilka_id, cas, castka, datum) values (51, 1, 51, '6:31', '27708', '11/1/2069');
insert into platba (platba_id, platba_typ_id, zasilka_id, cas, castka, datum) values (52, 1, 52, '19:21', '22849', '1/23/2070');
insert into platba (platba_id, platba_typ_id, zasilka_id, cas, castka, datum) values (53, 1, 53, '3:32', '14573', '4/12/2070');
insert into platba (platba_id, platba_typ_id, zasilka_id, cas, castka, datum) values (54, 1, 54, '2:17', '32383', '8/22/2069');
insert into platba (platba_id, platba_typ_id, zasilka_id, cas, castka, datum) values (55, 2, 55, '11:08', '23599', '8/25/2069');
insert into platba (platba_id, platba_typ_id, zasilka_id, cas, castka, datum) values (56, 1, 56, '14:55', '11381', '10/10/2069');
insert into platba (platba_id, platba_typ_id, zasilka_id, cas, castka, datum) values (57, 1, 57, '13:16', '27567', '1/5/2070');
insert into platba (platba_id, platba_typ_id, zasilka_id, cas, castka, datum) values (58, 1, 58, '9:40', '16947', '8/24/2069');
insert into platba (platba_id, platba_typ_id, zasilka_id, cas, castka, datum) values (59, 1, 59, '3:37', '30563', '6/6/2069');
insert into platba (platba_id, platba_typ_id, zasilka_id, cas, castka, datum) values (60, 2, 60, '4:07', '18919', '4/27/2070');
insert into platba (platba_id, platba_typ_id, zasilka_id, cas, castka, datum) values (61, 1, 61, '8:37', '18753', '3/22/2070');
insert into platba (platba_id, platba_typ_id, zasilka_id, cas, castka, datum) values (62, 2, 62, '11:15', '12916', '4/1/2070');
insert into platba (platba_id, platba_typ_id, zasilka_id, cas, castka, datum) values (63, 1, 63, '7:04', '34899', '6/30/2069');
insert into platba (platba_id, platba_typ_id, zasilka_id, cas, castka, datum) values (64, 2, 64, '22:27', '21979', '2/6/2070');
insert into platba (platba_id, platba_typ_id, zasilka_id, cas, castka, datum) values (65, 1, 65, '23:13', '28111', '7/7/2069');
insert into platba (platba_id, platba_typ_id, zasilka_id, cas, castka, datum) values (66, 1, 66, '6:51', '22777', '9/29/2069');
insert into platba (platba_id, platba_typ_id, zasilka_id, cas, castka, datum) values (67, 2, 67, '1:58', '26690', '1/15/2070');
insert into platba (platba_id, platba_typ_id, zasilka_id, cas, castka, datum) values (68, 2, 68, '0:06', '11642', '1/2/2070');
insert into platba (platba_id, platba_typ_id, zasilka_id, cas, castka, datum) values (69, 1, 69, '0:00', '29691', '3/20/2070');
insert into platba (platba_id, platba_typ_id, zasilka_id, cas, castka, datum) values (70, 2, 70, '22:01', '14207', '9/18/2069');
insert into platba (platba_id, platba_typ_id, zasilka_id, cas, castka, datum) values (71, 1, 71, '12:24', '20165', '6/14/2069');
insert into platba (platba_id, platba_typ_id, zasilka_id, cas, castka, datum) values (72, 2, 72, '6:01', '14732', '3/3/2070');
insert into platba (platba_id, platba_typ_id, zasilka_id, cas, castka, datum) values (73, 1, 73, '14:24', '38247', '10/9/2069');
insert into platba (platba_id, platba_typ_id, zasilka_id, cas, castka, datum) values (74, 2, 74, '23:05', '32956', '7/17/2069');
insert into platba (platba_id, platba_typ_id, zasilka_id, cas, castka, datum) values (75, 1, 75, '6:55', '32531', '5/5/2070');
insert into platba (platba_id, platba_typ_id, zasilka_id, cas, castka, datum) values (76, 2, 76, '18:52', '19609', '4/30/2070');
insert into platba (platba_id, platba_typ_id, zasilka_id, cas, castka, datum) values (77, 1, 77, '12:25', '22577', '8/12/2069');
insert into platba (platba_id, platba_typ_id, zasilka_id, cas, castka, datum) values (78, 2, 78, '4:03', '27619', '4/15/2070');
insert into platba (platba_id, platba_typ_id, zasilka_id, cas, castka, datum) values (79, 2, 79, '0:04', '23810', '1/24/2070');
insert into platba (platba_id, platba_typ_id, zasilka_id, cas, castka, datum) values (80, 1, 80, '22:04', '23217', '4/6/2070');
insert into platba (platba_id, platba_typ_id, zasilka_id, cas, castka, datum) values (81, 2, 81, '18:30', '25680', '9/28/2069');
insert into platba (platba_id, platba_typ_id, zasilka_id, cas, castka, datum) values (82, 2, 82, '23:21', '10528', '4/13/2070');
insert into platba (platba_id, platba_typ_id, zasilka_id, cas, castka, datum) values (83, 1, 83, '3:49', '10951', '3/29/2070');
insert into platba (platba_id, platba_typ_id, zasilka_id, cas, castka, datum) values (84, 1, 84, '19:20', '16124', '12/24/2069');
insert into platba (platba_id, platba_typ_id, zasilka_id, cas, castka, datum) values (85, 1, 85, '13:32', '17890', '7/27/2069');
insert into platba (platba_id, platba_typ_id, zasilka_id, cas, castka, datum) values (86, 2, 86, '16:57', '28568', '9/27/2069');
insert into platba (platba_id, platba_typ_id, zasilka_id, cas, castka, datum) values (87, 2, 87, '8:30', '11168', '1/24/2070');
insert into platba (platba_id, platba_typ_id, zasilka_id, cas, castka, datum) values (88, 2, 88, '19:11', '36841', '1/2/2070');
insert into platba (platba_id, platba_typ_id, zasilka_id, cas, castka, datum) values (89, 2, 89, '0:52', '10815', '10/3/2069');


insert into platba (platba_id, platba_typ_id, zasilka_id, cas, castka, datum) values (90, 1, 90, '8:37', '2317', '11/21/2069');
insert into platba (platba_id, platba_typ_id, zasilka_id, cas, castka, datum) values (91, 1, 91, '15:50', '2327', '4/10/2070');
insert into platba (platba_id, platba_typ_id, zasilka_id, cas, castka, datum) values (92, 1, 92, '2:57', '2393', '7/22/2069');
insert into platba (platba_id, platba_typ_id, zasilka_id, cas, castka, datum) values (93, 1, 93, '6:41', '2442', '8/30/2069');
insert into platba (platba_id, platba_typ_id, zasilka_id, cas, castka, datum) values (94, 2, 94, '19:44', '2783', '5/31/2069');
insert into platba (platba_id, platba_typ_id, zasilka_id, cas, castka, datum) values (95, 2, 95, '9:01', '2259', '11/23/2069');
insert into platba (platba_id, platba_typ_id, zasilka_id, cas, castka, datum) values (96, 1, 96, '15:08', '2241', '9/15/2069');
insert into platba (platba_id, platba_typ_id, zasilka_id, cas, castka, datum) values (97, 2, 97, '10:15', '2071', '7/29/2069');
insert into platba (platba_id, platba_typ_id, zasilka_id, cas, castka, datum) values (98, 1, 98, '17:37', '2795', '10/15/2069');
insert into platba (platba_id, platba_typ_id, zasilka_id, cas, castka, datum) values (99, 2, 99, '23:16', '2471', '1/2/2070');
insert into platba (platba_id, platba_typ_id, zasilka_id, cas, castka, datum) values (100, 1, 100, '0:07', '2993', '12/17/2069');
insert into platba (platba_id, platba_typ_id, zasilka_id, cas, castka, datum) values (101, 1, 101, '8:22', '2079', '7/4/2069');
insert into platba (platba_id, platba_typ_id, zasilka_id, cas, castka, datum) values (102, 2, 102, '5:05', '2386', '12/5/2069');
insert into platba (platba_id, platba_typ_id, zasilka_id, cas, castka, datum) values (103, 1, 103, '4:35', '2239', '1/21/2070');
insert into platba (platba_id, platba_typ_id, zasilka_id, cas, castka, datum) values (104, 2, 104, '4:10', '2151', '9/11/2069');
insert into platba (platba_id, platba_typ_id, zasilka_id, cas, castka, datum) values (105, 2, 105, '14:46', '2480', '7/9/2069');
insert into platba (platba_id, platba_typ_id, zasilka_id, cas, castka, datum) values (106, 2, 106, '10:04', '2433', '11/14/2069');
insert into platba (platba_id, platba_typ_id, zasilka_id, cas, castka, datum) values (107, 1, 107, '16:57', '2673', '3/29/2070');
insert into platba (platba_id, platba_typ_id, zasilka_id, cas, castka, datum) values (108, 1, 108, '9:47', '2057', '2/9/2070');
insert into platba (platba_id, platba_typ_id, zasilka_id, cas, castka, datum) values (109, 1, 109, '16:06', '2110', '6/12/2069');
insert into platba (platba_id, platba_typ_id, zasilka_id, cas, castka, datum) values (110, 2, 110, '1:06', '2281', '6/22/2069');
insert into platba (platba_id, platba_typ_id, zasilka_id, cas, castka, datum) values (111, 2, 111, '8:40', '2255', '9/24/2069');
insert into platba (platba_id, platba_typ_id, zasilka_id, cas, castka, datum) values (112, 1, 112, '18:56', '2266', '11/23/2069');
insert into platba (platba_id, platba_typ_id, zasilka_id, cas, castka, datum) values (113, 2, 113, '20:33', '2840', '6/25/2069');
insert into platba (platba_id, platba_typ_id, zasilka_id, cas, castka, datum) values (114, 1, 114, '2:26', '2393', '8/27/2069');
insert into platba (platba_id, platba_typ_id, zasilka_id, cas, castka, datum) values (115, 1, 115, '23:33', '2964', '12/8/2069');
insert into platba (platba_id, platba_typ_id, zasilka_id, cas, castka, datum) values (116, 2, 116, '4:01', '2014', '11/3/2069');
insert into platba (platba_id, platba_typ_id, zasilka_id, cas, castka, datum) values (117, 2, 117, '1:19', '2923', '9/20/2069');
insert into platba (platba_id, platba_typ_id, zasilka_id, cas, castka, datum) values (118, 2, 118, '4:16', '2251', '7/18/2069');
insert into platba (platba_id, platba_typ_id, zasilka_id, cas, castka, datum) values (119, 2, 119, '1:47', '2957', '7/13/2069');
insert into platba (platba_id, platba_typ_id, zasilka_id, cas, castka, datum) values (120, 1, 120, '9:36', '2864', '1/18/2070');
insert into platba (platba_id, platba_typ_id, zasilka_id, cas, castka, datum) values (121, 1, 121, '3:06', '2764', '6/28/2069');
insert into platba (platba_id, platba_typ_id, zasilka_id, cas, castka, datum) values (122, 1, 122, '20:55', '2467', '8/22/2069');
insert into platba (platba_id, platba_typ_id, zasilka_id, cas, castka, datum) values (123, 2, 123, '4:28', '2592', '2/2/2070');
insert into platba (platba_id, platba_typ_id, zasilka_id, cas, castka, datum) values (124, 2, 124, '13:40', '2541', '2/20/2070');
insert into platba (platba_id, platba_typ_id, zasilka_id, cas, castka, datum) values (125, 1, 125, '4:34', '2039', '3/28/2070');
insert into platba (platba_id, platba_typ_id, zasilka_id, cas, castka, datum) values (126, 1, 126, '7:47', '2762', '3/17/2070');
insert into platba (platba_id, platba_typ_id, zasilka_id, cas, castka, datum) values (127, 2, 127, '0:58', '2046', '3/6/2070');
insert into platba (platba_id, platba_typ_id, zasilka_id, cas, castka, datum) values (128, 2, 128, '1:40', '2174', '5/22/2069');
insert into platba (platba_id, platba_typ_id, zasilka_id, cas, castka, datum) values (129, 2, 129, '16:08', '2645', '8/27/2069');
insert into platba (platba_id, platba_typ_id, zasilka_id, cas, castka, datum) values (130, 2, 130, '18:56', '2088', '9/25/2069');
insert into platba (platba_id, platba_typ_id, zasilka_id, cas, castka, datum) values (131, 2, 131, '5:11', '2645', '9/24/2069');
insert into platba (platba_id, platba_typ_id, zasilka_id, cas, castka, datum) values (132, 1, 132, '3:18', '2800', '12/30/2069');
insert into platba (platba_id, platba_typ_id, zasilka_id, cas, castka, datum) values (133, 2, 133, '19:02', '2127', '5/21/2069');
insert into platba (platba_id, platba_typ_id, zasilka_id, cas, castka, datum) values (134, 2, 134, '6:10', '2878', '1/13/2070');
insert into platba (platba_id, platba_typ_id, zasilka_id, cas, castka, datum) values (135, 1, 135, '6:33', '2280', '6/27/2069');
insert into platba (platba_id, platba_typ_id, zasilka_id, cas, castka, datum) values (136, 2, 136, '0:33', '2500', '3/12/2070');
insert into platba (platba_id, platba_typ_id, zasilka_id, cas, castka, datum) values (137, 1, 137, '23:33', '2659', '6/25/2069');
insert into platba (platba_id, platba_typ_id, zasilka_id, cas, castka, datum) values (138, 1, 138, '13:29', '2216', '3/16/2070');
insert into platba (platba_id, platba_typ_id, zasilka_id, cas, castka, datum) values (139, 1, 139, '21:23', '2061', '6/11/2069');
insert into platba (platba_id, platba_typ_id, zasilka_id, cas, castka, datum) values (140, 1, 140, '13:22', '2643', '11/5/2069');
insert into platba (platba_id, platba_typ_id, zasilka_id, cas, castka, datum) values (141, 1, 141, '1:33', '2608', '9/10/2069');
insert into platba (platba_id, platba_typ_id, zasilka_id, cas, castka, datum) values (142, 2, 142, '2:58', '2325', '9/25/2069');
insert into platba (platba_id, platba_typ_id, zasilka_id, cas, castka, datum) values (143, 2, 143, '23:36', '2899', '5/23/2069');
insert into platba (platba_id, platba_typ_id, zasilka_id, cas, castka, datum) values (144, 2, 144, '8:41', '2636', '6/30/2069');
insert into platba (platba_id, platba_typ_id, zasilka_id, cas, castka, datum) values (145, 2, 145, '5:02', '2955', '10/30/2069');
insert into platba (platba_id, platba_typ_id, zasilka_id, cas, castka, datum) values (146, 1, 146, '9:39', '2132', '2/2/2070');
insert into platba (platba_id, platba_typ_id, zasilka_id, cas, castka, datum) values (147, 1, 147, '13:56', '2110', '2/17/2070');
insert into platba (platba_id, platba_typ_id, zasilka_id, cas, castka, datum) values (148, 1, 148, '16:40', '2614', '11/30/2069');
insert into platba (platba_id, platba_typ_id, zasilka_id, cas, castka, datum) values (149, 2, 149, '12:40', '2360', '6/7/2069');
insert into platba (platba_id, platba_typ_id, zasilka_id, cas, castka, datum) values (150, 1, 150, '3:54', '2136', '3/29/2070');
insert into platba (platba_id, platba_typ_id, zasilka_id, cas, castka, datum) values (151, 1, 151, '16:43', '2440', '5/1/2070');
insert into platba (platba_id, platba_typ_id, zasilka_id, cas, castka, datum) values (152, 2, 152, '18:26', '2718', '5/15/2069');
insert into platba (platba_id, platba_typ_id, zasilka_id, cas, castka, datum) values (153, 1, 153, '4:22', '2831', '3/31/2070');
insert into platba (platba_id, platba_typ_id, zasilka_id, cas, castka, datum) values (154, 1, 154, '20:21', '2477', '6/10/2069');
insert into platba (platba_id, platba_typ_id, zasilka_id, cas, castka, datum) values (155, 2, 155, '22:59', '2368', '6/27/2069');
insert into platba (platba_id, platba_typ_id, zasilka_id, cas, castka, datum) values (156, 1, 156, '18:07', '2943', '11/9/2069');
insert into platba (platba_id, platba_typ_id, zasilka_id, cas, castka, datum) values (157, 2, 157, '1:23', '2546', '1/19/2070');
insert into platba (platba_id, platba_typ_id, zasilka_id, cas, castka, datum) values (158, 2, 158, '13:57', '2023', '8/13/2069');
insert into platba (platba_id, platba_typ_id, zasilka_id, cas, castka, datum) values (159, 2, 159, '20:13', '2329', '10/29/2069');
insert into platba (platba_id, platba_typ_id, zasilka_id, cas, castka, datum) values (160, 1, 160, '21:38', '2688', '9/21/2069');
insert into platba (platba_id, platba_typ_id, zasilka_id, cas, castka, datum) values (161, 1, 161, '0:56', '2958', '7/2/2069');
insert into platba (platba_id, platba_typ_id, zasilka_id, cas, castka, datum) values (162, 1, 162, '7:48', '2509', '7/12/2069');
insert into platba (platba_id, platba_typ_id, zasilka_id, cas, castka, datum) values (163, 1, 163, '17:46', '2907', '12/18/2069');
insert into platba (platba_id, platba_typ_id, zasilka_id, cas, castka, datum) values (164, 2, 164, '11:46', '2732', '2/26/2070');
insert into platba (platba_id, platba_typ_id, zasilka_id, cas, castka, datum) values (165, 2, 165, '8:42', '2180', '8/30/2069');
insert into platba (platba_id, platba_typ_id, zasilka_id, cas, castka, datum) values (166, 1, 166, '21:53', '2076', '3/3/2070');
insert into platba (platba_id, platba_typ_id, zasilka_id, cas, castka, datum) values (167, 1, 167, '3:53', '2103', '2/9/2070');
insert into platba (platba_id, platba_typ_id, zasilka_id, cas, castka, datum) values (168, 1, 168, '6:37', '2731', '5/26/2069');
insert into platba (platba_id, platba_typ_id, zasilka_id, cas, castka, datum) values (169, 2, 169, '21:22', '2331', '10/16/2069');
insert into platba (platba_id, platba_typ_id, zasilka_id, cas, castka, datum) values (170, 1, 170, '1:15', '2895', '4/3/2070');
insert into platba (platba_id, platba_typ_id, zasilka_id, cas, castka, datum) values (171, 2, 171, '9:08', '2892', '2/26/2070');
insert into platba (platba_id, platba_typ_id, zasilka_id, cas, castka, datum) values (172, 1, 172, '4:05', '2481', '4/12/2070');
insert into platba (platba_id, platba_typ_id, zasilka_id, cas, castka, datum) values (173, 2, 173, '7:27', '2215', '10/12/2069');
insert into platba (platba_id, platba_typ_id, zasilka_id, cas, castka, datum) values (174, 2, 174, '11:28', '2843', '2/12/2070');
insert into platba (platba_id, platba_typ_id, zasilka_id, cas, castka, datum) values (175, 2, 175, '23:03', '2371', '11/1/2069');
insert into platba (platba_id, platba_typ_id, zasilka_id, cas, castka, datum) values (176, 1, 176, '5:50', '2700', '2/6/2070');
insert into platba (platba_id, platba_typ_id, zasilka_id, cas, castka, datum) values (177, 1, 177, '8:32', '2754', '3/23/2070');
insert into platba (platba_id, platba_typ_id, zasilka_id, cas, castka, datum) values (178, 2, 178, '19:28', '2064', '8/23/2069');

select setval(pg_get_serial_sequence('platba','platba_id'),178);


--raketa pobocka 

insert into raketa_pobocka (raketa_id, pobocka_id) values (1, 1);
insert into raketa_pobocka (raketa_id, pobocka_id) values (2, 2);
insert into raketa_pobocka (raketa_id, pobocka_id) values (3, 3);
insert into raketa_pobocka (raketa_id, pobocka_id) values (4, 4);
insert into raketa_pobocka (raketa_id, pobocka_id) values (5, 5);
insert into raketa_pobocka (raketa_id, pobocka_id) values (6, 6);
insert into raketa_pobocka (raketa_id, pobocka_id) values (7, 7);
insert into raketa_pobocka (raketa_id, pobocka_id) values (8, 17);
insert into raketa_pobocka (raketa_id, pobocka_id) values (9, 9);
insert into raketa_pobocka (raketa_id, pobocka_id) values (10, 10);
insert into raketa_pobocka (raketa_id, pobocka_id) values (11, 11);
insert into raketa_pobocka (raketa_id, pobocka_id) values (12, 12);
insert into raketa_pobocka (raketa_id, pobocka_id) values (13, 13);
insert into raketa_pobocka (raketa_id, pobocka_id) values (14, 14);
insert into raketa_pobocka (raketa_id, pobocka_id) values (15, 15);
insert into raketa_pobocka (raketa_id, pobocka_id) values (16, 16);
insert into raketa_pobocka (raketa_id, pobocka_id) values (17, 1);
insert into raketa_pobocka (raketa_id, pobocka_id) values (18, 2);
insert into raketa_pobocka (raketa_id, pobocka_id) values (19, 3);
insert into raketa_pobocka (raketa_id, pobocka_id) values (1, 4);
insert into raketa_pobocka (raketa_id, pobocka_id) values (2, 5);
insert into raketa_pobocka (raketa_id, pobocka_id) values (3, 6);
insert into raketa_pobocka (raketa_id, pobocka_id) values (4, 7);
insert into raketa_pobocka (raketa_id, pobocka_id) values (5, 17);
insert into raketa_pobocka (raketa_id, pobocka_id) values (6, 9);
insert into raketa_pobocka (raketa_id, pobocka_id) values (7, 10);
insert into raketa_pobocka (raketa_id, pobocka_id) values (8, 11);
insert into raketa_pobocka (raketa_id, pobocka_id) values (9, 12);
insert into raketa_pobocka (raketa_id, pobocka_id) values (10, 13);
insert into raketa_pobocka (raketa_id, pobocka_id) values (11, 14);
insert into raketa_pobocka (raketa_id, pobocka_id) values (12, 15);
insert into raketa_pobocka (raketa_id, pobocka_id) values (13, 16);
insert into raketa_pobocka (raketa_id, pobocka_id) values (14, 1);
insert into raketa_pobocka (raketa_id, pobocka_id) values (15, 2);
insert into raketa_pobocka (raketa_id, pobocka_id) values (16, 3);
insert into raketa_pobocka (raketa_id, pobocka_id) values (17, 4);
insert into raketa_pobocka (raketa_id, pobocka_id) values (18, 5);
insert into raketa_pobocka (raketa_id, pobocka_id) values (19, 6);
insert into raketa_pobocka (raketa_id, pobocka_id) values (1, 7);
insert into raketa_pobocka (raketa_id, pobocka_id) values (2, 17);
insert into raketa_pobocka (raketa_id, pobocka_id) values (3, 9);
insert into raketa_pobocka (raketa_id, pobocka_id) values (4, 10);
insert into raketa_pobocka (raketa_id, pobocka_id) values (5, 11);
insert into raketa_pobocka (raketa_id, pobocka_id) values (6, 12);
insert into raketa_pobocka (raketa_id, pobocka_id) values (7, 13);
insert into raketa_pobocka (raketa_id, pobocka_id) values (8, 14);
insert into raketa_pobocka (raketa_id, pobocka_id) values (9, 15);
insert into raketa_pobocka (raketa_id, pobocka_id) values (10, 16);
insert into raketa_pobocka (raketa_id, pobocka_id) values (11, 1);
insert into raketa_pobocka (raketa_id, pobocka_id) values (12, 2);
insert into raketa_pobocka (raketa_id, pobocka_id) values (13, 3);
insert into raketa_pobocka (raketa_id, pobocka_id) values (14, 4);
insert into raketa_pobocka (raketa_id, pobocka_id) values (15, 5);
insert into raketa_pobocka (raketa_id, pobocka_id) values (16, 6);
insert into raketa_pobocka (raketa_id, pobocka_id) values (17, 7);
insert into raketa_pobocka (raketa_id, pobocka_id) values (18, 17);
insert into raketa_pobocka (raketa_id, pobocka_id) values (19, 9);
insert into raketa_pobocka (raketa_id, pobocka_id) values (1, 10);
insert into raketa_pobocka (raketa_id, pobocka_id) values (2, 11);
insert into raketa_pobocka (raketa_id, pobocka_id) values (3, 12);
insert into raketa_pobocka (raketa_id, pobocka_id) values (4, 13);
insert into raketa_pobocka (raketa_id, pobocka_id) values (5, 14);
insert into raketa_pobocka (raketa_id, pobocka_id) values (6, 15);
insert into raketa_pobocka (raketa_id, pobocka_id) values (7, 16);
insert into raketa_pobocka (raketa_id, pobocka_id) values (8, 1);
insert into raketa_pobocka (raketa_id, pobocka_id) values (9, 2);
insert into raketa_pobocka (raketa_id, pobocka_id) values (10, 3);
insert into raketa_pobocka (raketa_id, pobocka_id) values (11, 4);
insert into raketa_pobocka (raketa_id, pobocka_id) values (12, 5);
insert into raketa_pobocka (raketa_id, pobocka_id) values (13, 6);


insert into raketa_pobocka (raketa_id, pobocka_id) values (1, 8);
insert into raketa_pobocka (raketa_id, pobocka_id) values (2, 8);
insert into raketa_pobocka (raketa_id, pobocka_id) values (3, 8);
insert into raketa_pobocka (raketa_id, pobocka_id) values (4, 8);
insert into raketa_pobocka (raketa_id, pobocka_id) values (5, 8);
insert into raketa_pobocka (raketa_id, pobocka_id) values (6, 8);
insert into raketa_pobocka (raketa_id, pobocka_id) values (7, 8);
insert into raketa_pobocka (raketa_id, pobocka_id) values (8, 8);
insert into raketa_pobocka (raketa_id, pobocka_id) values (9, 8);
insert into raketa_pobocka (raketa_id, pobocka_id) values (10, 8);
insert into raketa_pobocka (raketa_id, pobocka_id) values (11, 8);
insert into raketa_pobocka (raketa_id, pobocka_id) values (12, 8);
insert into raketa_pobocka (raketa_id, pobocka_id) values (13, 8);
insert into raketa_pobocka (raketa_id, pobocka_id) values (14, 8);
insert into raketa_pobocka (raketa_id, pobocka_id) values (15, 8);
insert into raketa_pobocka (raketa_id, pobocka_id) values (16, 8);
insert into raketa_pobocka (raketa_id, pobocka_id) values (17, 8);
insert into raketa_pobocka (raketa_id, pobocka_id) values (18, 8);
insert into raketa_pobocka (raketa_id, pobocka_id) values (19, 8);
insert into raketa_pobocka (raketa_id, pobocka_id) values (20, 8);
insert into raketa_pobocka (raketa_id, pobocka_id) values (21, 8);
insert into raketa_pobocka (raketa_id, pobocka_id) values (22, 8);
insert into raketa_pobocka (raketa_id, pobocka_id) values (23, 8);
insert into raketa_pobocka (raketa_id, pobocka_id) values (24, 8);
insert into raketa_pobocka (raketa_id, pobocka_id) values (25, 8);
insert into raketa_pobocka (raketa_id, pobocka_id) values (26, 8);
insert into raketa_pobocka (raketa_id, pobocka_id) values (27, 8);
insert into raketa_pobocka (raketa_id, pobocka_id) values (28, 8);
insert into raketa_pobocka (raketa_id, pobocka_id) values (29, 8);
insert into raketa_pobocka (raketa_id, pobocka_id) values (30, 8);
insert into raketa_pobocka (raketa_id, pobocka_id) values (31, 8);

insert into raketa_pobocka (raketa_id, pobocka_id) values (20, 1);
insert into raketa_pobocka (raketa_id, pobocka_id) values (21, 2);
insert into raketa_pobocka (raketa_id, pobocka_id) values (22, 3);
insert into raketa_pobocka (raketa_id, pobocka_id) values (23, 4);
insert into raketa_pobocka (raketa_id, pobocka_id) values (24, 5);
insert into raketa_pobocka (raketa_id, pobocka_id) values (25, 6);
insert into raketa_pobocka (raketa_id, pobocka_id) values (26, 7);
insert into raketa_pobocka (raketa_id, pobocka_id) values (27, 17);
insert into raketa_pobocka (raketa_id, pobocka_id) values (28, 9);
insert into raketa_pobocka (raketa_id, pobocka_id) values (29, 10);
insert into raketa_pobocka (raketa_id, pobocka_id) values (30, 11);
insert into raketa_pobocka (raketa_id, pobocka_id) values (31, 12);
insert into raketa_pobocka (raketa_id, pobocka_id) values (20, 13);
insert into raketa_pobocka (raketa_id, pobocka_id) values (21, 14);
insert into raketa_pobocka (raketa_id, pobocka_id) values (22, 15);
insert into raketa_pobocka (raketa_id, pobocka_id) values (23, 16);
insert into raketa_pobocka (raketa_id, pobocka_id) values (24, 1);
insert into raketa_pobocka (raketa_id, pobocka_id) values (25, 2);
insert into raketa_pobocka (raketa_id, pobocka_id) values (26, 3);
insert into raketa_pobocka (raketa_id, pobocka_id) values (27, 4);
insert into raketa_pobocka (raketa_id, pobocka_id) values (28, 5);
insert into raketa_pobocka (raketa_id, pobocka_id) values (29, 6);
insert into raketa_pobocka (raketa_id, pobocka_id) values (30, 7);
insert into raketa_pobocka (raketa_id, pobocka_id) values (31, 17);
insert into raketa_pobocka (raketa_id, pobocka_id) values (20, 9);
insert into raketa_pobocka (raketa_id, pobocka_id) values (21, 10);
insert into raketa_pobocka (raketa_id, pobocka_id) values (22, 11);
insert into raketa_pobocka (raketa_id, pobocka_id) values (23, 12);
insert into raketa_pobocka (raketa_id, pobocka_id) values (24, 13);
insert into raketa_pobocka (raketa_id, pobocka_id) values (25, 14);
insert into raketa_pobocka (raketa_id, pobocka_id) values (26, 15);
insert into raketa_pobocka (raketa_id, pobocka_id) values (27, 16);
insert into raketa_pobocka (raketa_id, pobocka_id) values (28, 1);
insert into raketa_pobocka (raketa_id, pobocka_id) values (29, 2);
insert into raketa_pobocka (raketa_id, pobocka_id) values (30, 3);
insert into raketa_pobocka (raketa_id, pobocka_id) values (31, 4);
insert into raketa_pobocka (raketa_id, pobocka_id) values (20, 5);
insert into raketa_pobocka (raketa_id, pobocka_id) values (21, 6);
insert into raketa_pobocka (raketa_id, pobocka_id) values (22, 7);
insert into raketa_pobocka (raketa_id, pobocka_id) values (23, 17);
insert into raketa_pobocka (raketa_id, pobocka_id) values (24, 9);
insert into raketa_pobocka (raketa_id, pobocka_id) values (25, 10);
insert into raketa_pobocka (raketa_id, pobocka_id) values (26, 11);
insert into raketa_pobocka (raketa_id, pobocka_id) values (27, 12);
insert into raketa_pobocka (raketa_id, pobocka_id) values (28, 13);
insert into raketa_pobocka (raketa_id, pobocka_id) values (29, 14);
insert into raketa_pobocka (raketa_id, pobocka_id) values (30, 15);
insert into raketa_pobocka (raketa_id, pobocka_id) values (31, 16);



commit;
